<esri:Workspace xmlns:esri='http://www.esri.com/schemas/ArcGIS/10.5' xmlns:xsi='http://www.w3.org/2001/XMLSchema-instance' xmlns:xs='http://www.w3.org/2001/XMLSchema'><WorkspaceDefinition xsi:type='esri:WorkspaceDefinition'><WorkspaceType>esriLocalDatabaseWorkspace</WorkspaceType><Version></Version><Domains xsi:type='esri:ArrayOfDomain'></Domains><DatasetDefinitions xsi:type='esri:ArrayOfDataElement'><DataElement xsi:type='esri:DEFeatureDataset'><CatalogPath>/FD=Property_new</CatalogPath><Name>Property_new</Name><MetadataRetrieved>true</MetadataRetrieved><Metadata xsi:type='esri:XmlPropertySet'><XmlDoc>&lt;?xml version=&quot;1.0&quot;?&gt;
&lt;metadata xml:lang=&quot;en&quot;&gt;&lt;Esri&gt;&lt;CreaDate&gt;20170310&lt;/CreaDate&gt;&lt;CreaTime&gt;13432200&lt;/CreaTime&gt;&lt;ArcGISFormat&gt;1.0&lt;/ArcGISFormat&gt;&lt;SyncOnce&gt;TRUE&lt;/SyncOnce&gt;&lt;/Esri&gt;&lt;/metadata&gt;
</XmlDoc></Metadata><Children xsi:type='esri:ArrayOfDataElement'><DataElement xsi:type='esri:DEFeatureClass'><CatalogPath>/FD=Property_new/FC=A_Neighborhoods</CatalogPath><Name>A_Neighborhoods</Name><MetadataRetrieved>true</MetadataRetrieved><Metadata xsi:type='esri:XmlPropertySet'><XmlDoc>&lt;?xml version=&quot;1.0&quot;?&gt;
&lt;metadata xml:lang=&quot;en&quot;&gt;&lt;Esri&gt;&lt;CreaDate&gt;20170310&lt;/CreaDate&gt;&lt;CreaTime&gt;13432200&lt;/CreaTime&gt;&lt;ArcGISFormat&gt;1.0&lt;/ArcGISFormat&gt;&lt;SyncOnce&gt;TRUE&lt;/SyncOnce&gt;&lt;/Esri&gt;&lt;/metadata&gt;
</XmlDoc></Metadata><DatasetType>esriDTFeatureClass</DatasetType><DSID>5</DSID><Versioned>false</Versioned><CanVersion>false</CanVersion><ConfigurationKeyword></ConfigurationKeyword><HasOID>true</HasOID><OIDFieldName>OBJECTID</OIDFieldName><Fields xsi:type='esri:Fields'><FieldArray xsi:type='esri:ArrayOfField'><Field xsi:type='esri:Field'><Name>OBJECTID</Name><Type>esriFieldTypeOID</Type><IsNullable>false</IsNullable><Length>4</Length><Precision>0</Precision><Scale>0</Scale><Required>true</Required><Editable>false</Editable><AliasName>OBJECTID</AliasName><ModelName>OBJECTID</ModelName></Field><Field xsi:type='esri:Field'><Name>ID</Name><Type>esriFieldTypeDouble</Type><IsNullable>true</IsNullable><Length>8</Length><Precision>0</Precision><Scale>0</Scale></Field><Field xsi:type='esri:Field'><Name>NAME</Name><Type>esriFieldTypeString</Type><IsNullable>true</IsNullable><Length>20</Length><Precision>0</Precision><Scale>0</Scale></Field><Field xsi:type='esri:Field'><Name>URL</Name><Type>esriFieldTypeString</Type><IsNullable>true</IsNullable><Length>60</Length><Precision>0</Precision><Scale>0</Scale></Field><Field xsi:type='esri:Field'><Name>POP2001</Name><Type>esriFieldTypeDouble</Type><IsNullable>true</IsNullable><Length>8</Length><Precision>0</Precision><Scale>0</Scale></Field><Field xsi:type='esri:Field'><Name>POP2011</Name><Type>esriFieldTypeDouble</Type><IsNullable>true</IsNullable><Length>8</Length><Precision>0</Precision><Scale>0</Scale></Field><Field xsi:type='esri:Field'><Name>GFID</Name><Type>esriFieldTypeGUID</Type><IsNullable>true</IsNullable><Length>38</Length><Precision>0</Precision><Scale>0</Scale></Field><Field xsi:type='esri:Field'><Name>SHAPE</Name><Type>esriFieldTypeGeometry</Type><IsNullable>true</IsNullable><Length>0</Length><Precision>0</Precision><Scale>0</Scale><Required>true</Required><GeometryDef xsi:type='esri:GeometryDef'><AvgNumPoints>0</AvgNumPoints><GeometryType>esriGeometryPolygon</GeometryType><HasM>false</HasM><HasZ>true</HasZ><SpatialReference xsi:type='esri:ProjectedCoordinateSystem'><WKT>PROJCS[&quot;NAD_1983_UTM_Zone_10N&quot;,GEOGCS[&quot;GCS_North_American_1983&quot;,DATUM[&quot;D_North_American_1983&quot;,SPHEROID[&quot;GRS_1980&quot;,6378137.0,298.257222101]],PRIMEM[&quot;Greenwich&quot;,0.0],UNIT[&quot;Degree&quot;,0.0174532925199433]],PROJECTION[&quot;Transverse_Mercator&quot;],PARAMETER[&quot;False_Easting&quot;,500000.0],PARAMETER[&quot;False_Northing&quot;,0.0],PARAMETER[&quot;Central_Meridian&quot;,-123.0],PARAMETER[&quot;Scale_Factor&quot;,0.9996],PARAMETER[&quot;Latitude_Of_Origin&quot;,0.0],UNIT[&quot;Meter&quot;,1.0],AUTHORITY[&quot;EPSG&quot;,26910]]</WKT><XOrigin>-5120900</XOrigin><YOrigin>-9998100</YOrigin><XYScale>10000</XYScale><ZOrigin>-100000</ZOrigin><ZScale>10000</ZScale><MOrigin>0</MOrigin><MScale>1</MScale><XYTolerance>0.001</XYTolerance><ZTolerance>0.001</ZTolerance><MTolerance>0.001</MTolerance><HighPrecision>true</HighPrecision><WKID>26910</WKID><LatestWKID>26910</LatestWKID></SpatialReference><GridSize0>2722.79390000086</GridSize0></GeometryDef><AliasName>SHAPE</AliasName><ModelName>SHAPE</ModelName></Field><Field xsi:type='esri:Field'><Name>SHAPE_Length</Name><Type>esriFieldTypeDouble</Type><IsNullable>true</IsNullable><Length>8</Length><Precision>0</Precision><Scale>0</Scale><Required>true</Required><Editable>false</Editable><ModelName>SHAPE_Length</ModelName></Field><Field xsi:type='esri:Field'><Name>SHAPE_Area</Name><Type>esriFieldTypeDouble</Type><IsNullable>true</IsNullable><Length>8</Length><Precision>0</Precision><Scale>0</Scale><Required>true</Required><Editable>false</Editable><ModelName>SHAPE_Area</ModelName></Field></FieldArray></Fields><Indexes xsi:type='esri:Indexes'><IndexArray xsi:type='esri:ArrayOfIndex'><Index xsi:type='esri:Index'><Name>FDO_OBJECTID</Name><IsUnique>true</IsUnique><IsAscending>true</IsAscending><Fields xsi:type='esri:Fields'><FieldArray xsi:type='esri:ArrayOfField'><Field xsi:type='esri:Field'><Name>OBJECTID</Name><Type>esriFieldTypeOID</Type><IsNullable>false</IsNullable><Length>4</Length><Precision>0</Precision><Scale>0</Scale><Required>true</Required><Editable>false</Editable><AliasName>OBJECTID</AliasName><ModelName>OBJECTID</ModelName></Field></FieldArray></Fields></Index><Index xsi:type='esri:Index'><Name>FDO_SHAPE</Name><IsUnique>false</IsUnique><IsAscending>true</IsAscending><Fields xsi:type='esri:Fields'><FieldArray xsi:type='esri:ArrayOfField'><Field xsi:type='esri:Field'><Name>SHAPE</Name><Type>esriFieldTypeGeometry</Type><IsNullable>true</IsNullable><Length>0</Length><Precision>0</Precision><Scale>0</Scale><Required>true</Required><GeometryDef xsi:type='esri:GeometryDef'><AvgNumPoints>0</AvgNumPoints><GeometryType>esriGeometryPolygon</GeometryType><HasM>false</HasM><HasZ>true</HasZ><SpatialReference xsi:type='esri:ProjectedCoordinateSystem'><WKT>PROJCS[&quot;NAD_1983_UTM_Zone_10N&quot;,GEOGCS[&quot;GCS_North_American_1983&quot;,DATUM[&quot;D_North_American_1983&quot;,SPHEROID[&quot;GRS_1980&quot;,6378137.0,298.257222101]],PRIMEM[&quot;Greenwich&quot;,0.0],UNIT[&quot;Degree&quot;,0.0174532925199433]],PROJECTION[&quot;Transverse_Mercator&quot;],PARAMETER[&quot;False_Easting&quot;,500000.0],PARAMETER[&quot;False_Northing&quot;,0.0],PARAMETER[&quot;Central_Meridian&quot;,-123.0],PARAMETER[&quot;Scale_Factor&quot;,0.9996],PARAMETER[&quot;Latitude_Of_Origin&quot;,0.0],UNIT[&quot;Meter&quot;,1.0],AUTHORITY[&quot;EPSG&quot;,26910]]</WKT><XOrigin>-5120900</XOrigin><YOrigin>-9998100</YOrigin><XYScale>10000</XYScale><ZOrigin>-100000</ZOrigin><ZScale>10000</ZScale><MOrigin>0</MOrigin><MScale>1</MScale><XYTolerance>0.001</XYTolerance><ZTolerance>0.001</ZTolerance><MTolerance>0.001</MTolerance><HighPrecision>true</HighPrecision><WKID>26910</WKID><LatestWKID>26910</LatestWKID></SpatialReference><GridSize0>2722.79390000086</GridSize0></GeometryDef><AliasName>SHAPE</AliasName><ModelName>SHAPE</ModelName></Field></FieldArray></Fields></Index><Index xsi:type='esri:Index'><Name>G5GFID</Name><IsUnique>false</IsUnique><IsAscending>true</IsAscending><Fields xsi:type='esri:Fields'><FieldArray xsi:type='esri:ArrayOfField'><Field xsi:type='esri:Field'><Name>GFID</Name><Type>esriFieldTypeGUID</Type><IsNullable>true</IsNullable><Length>38</Length><Precision>0</Precision><Scale>0</Scale></Field></FieldArray></Fields></Index></IndexArray></Indexes><CLSID>{52353152-891A-11D0-BEC6-00805F7C4268}</CLSID><EXTCLSID></EXTCLSID><RelationshipClassNames xsi:type='esri:Names'><Name>RelClass</Name></RelationshipClassNames><AliasName>A_Neighborhoods</AliasName><ModelName></ModelName><HasGlobalID>false</HasGlobalID><GlobalIDFieldName></GlobalIDFieldName><RasterFieldName></RasterFieldName><ExtensionProperties xsi:type='esri:PropertySet'><PropertyArray xsi:type='esri:ArrayOfPropertySetProperty'></PropertyArray></ExtensionProperties><ControllerMemberships xsi:type='esri:ArrayOfControllerMembership'></ControllerMemberships><EditorTrackingEnabled>false</EditorTrackingEnabled><CreatorFieldName></CreatorFieldName><CreatedAtFieldName></CreatedAtFieldName><EditorFieldName></EditorFieldName><EditedAtFieldName></EditedAtFieldName><IsTimeInUTC>true</IsTimeInUTC><FeatureType>esriFTSimple</FeatureType><ShapeType>esriGeometryPolygon</ShapeType><ShapeFieldName>SHAPE</ShapeFieldName><HasM>false</HasM><HasZ>true</HasZ><HasSpatialIndex>true</HasSpatialIndex><AreaFieldName>SHAPE_Area</AreaFieldName><LengthFieldName>SHAPE_Length</LengthFieldName><Extent xsi:type='esri:EnvelopeN'><XMin>486459.32589999959</XMin><YMin>5456022.0124999993</YMin><XMax>491652.11340000015</XMax><YMax>5458499.6882000007</YMax><ZMin>0</ZMin><ZMax>0</ZMax><SpatialReference xsi:type='esri:ProjectedCoordinateSystem'><WKT>PROJCS[&quot;NAD_1983_UTM_Zone_10N&quot;,GEOGCS[&quot;GCS_North_American_1983&quot;,DATUM[&quot;D_North_American_1983&quot;,SPHEROID[&quot;GRS_1980&quot;,6378137.0,298.257222101]],PRIMEM[&quot;Greenwich&quot;,0.0],UNIT[&quot;Degree&quot;,0.0174532925199433]],PROJECTION[&quot;Transverse_Mercator&quot;],PARAMETER[&quot;False_Easting&quot;,500000.0],PARAMETER[&quot;False_Northing&quot;,0.0],PARAMETER[&quot;Central_Meridian&quot;,-123.0],PARAMETER[&quot;Scale_Factor&quot;,0.9996],PARAMETER[&quot;Latitude_Of_Origin&quot;,0.0],UNIT[&quot;Meter&quot;,1.0],AUTHORITY[&quot;EPSG&quot;,26910]]</WKT><XOrigin>-5120900</XOrigin><YOrigin>-9998100</YOrigin><XYScale>10000</XYScale><ZOrigin>-100000</ZOrigin><ZScale>10000</ZScale><MOrigin>0</MOrigin><MScale>1</MScale><XYTolerance>0.001</XYTolerance><ZTolerance>0.001</ZTolerance><MTolerance>0.001</MTolerance><HighPrecision>true</HighPrecision><WKID>26910</WKID><LatestWKID>26910</LatestWKID></SpatialReference></Extent><SpatialReference xsi:type='esri:ProjectedCoordinateSystem'><WKT>PROJCS[&quot;NAD_1983_UTM_Zone_10N&quot;,GEOGCS[&quot;GCS_North_American_1983&quot;,DATUM[&quot;D_North_American_1983&quot;,SPHEROID[&quot;GRS_1980&quot;,6378137.0,298.257222101]],PRIMEM[&quot;Greenwich&quot;,0.0],UNIT[&quot;Degree&quot;,0.0174532925199433]],PROJECTION[&quot;Transverse_Mercator&quot;],PARAMETER[&quot;False_Easting&quot;,500000.0],PARAMETER[&quot;False_Northing&quot;,0.0],PARAMETER[&quot;Central_Meridian&quot;,-123.0],PARAMETER[&quot;Scale_Factor&quot;,0.9996],PARAMETER[&quot;Latitude_Of_Origin&quot;,0.0],UNIT[&quot;Meter&quot;,1.0],AUTHORITY[&quot;EPSG&quot;,26910]]</WKT><XOrigin>-5120900</XOrigin><YOrigin>-9998100</YOrigin><XYScale>10000</XYScale><ZOrigin>-100000</ZOrigin><ZScale>10000</ZScale><MOrigin>0</MOrigin><MScale>1</MScale><XYTolerance>0.001</XYTolerance><ZTolerance>0.001</ZTolerance><MTolerance>0.001</MTolerance><HighPrecision>true</HighPrecision><WKID>26910</WKID><LatestWKID>26910</LatestWKID></SpatialReference><ChangeTracked>false</ChangeTracked></DataElement><DataElement xsi:type='esri:DEFeatureClass'><CatalogPath>/FD=Property_new/FC=A_A_Parcels</CatalogPath><Name>A_A_Parcels</Name><MetadataRetrieved>true</MetadataRetrieved><Metadata xsi:type='esri:XmlPropertySet'><XmlDoc>&lt;metadata xml:lang=&quot;en&quot;&gt;&lt;Esri&gt;&lt;CreaDate&gt;20170310&lt;/CreaDate&gt;&lt;CreaTime&gt;13341700&lt;/CreaTime&gt;&lt;ArcGISFormat&gt;1.0&lt;/ArcGISFormat&gt;&lt;SyncOnce&gt;FALSE&lt;/SyncOnce&gt;&lt;DataProperties&gt;&lt;itemProps&gt;&lt;itemName Sync=&quot;TRUE&quot;&gt;A_A_Parcels&lt;/itemName&gt;&lt;imsContentType Sync=&quot;TRUE&quot;&gt;002&lt;/imsContentType&gt;&lt;itemLocation&gt;&lt;linkage Sync=&quot;TRUE&quot;&gt;file://\\BLASTER\C$\KB\Relationships\1ManyRelationshipl.gdb&lt;/linkage&gt;&lt;protocol Sync=&quot;TRUE&quot;&gt;Local Area Network&lt;/protocol&gt;&lt;/itemLocation&gt;&lt;/itemProps&gt;&lt;coordRef&gt;&lt;type Sync=&quot;TRUE&quot;&gt;Projected&lt;/type&gt;&lt;geogcsn Sync=&quot;TRUE&quot;&gt;GCS_North_American_1983&lt;/geogcsn&gt;&lt;csUnits Sync=&quot;TRUE&quot;&gt;Linear Unit: Meter (1.000000)&lt;/csUnits&gt;&lt;projcsn Sync=&quot;TRUE&quot;&gt;NAD_1983_UTM_Zone_10N&lt;/projcsn&gt;&lt;peXml Sync=&quot;TRUE&quot;&gt;&amp;lt;ProjectedCoordinateSystem xsi:type=&apos;typens:ProjectedCoordinateSystem&apos; xmlns:xsi=&apos;http://www.w3.org/2001/XMLSchema-instance&apos; xmlns:xs=&apos;http://www.w3.org/2001/XMLSchema&apos; xmlns:typens=&apos;http://www.esri.com/schemas/ArcGIS/10.5&apos;&amp;gt;&amp;lt;WKT&amp;gt;PROJCS[&amp;amp;quot;NAD_1983_UTM_Zone_10N&amp;amp;quot;,GEOGCS[&amp;amp;quot;GCS_North_American_1983&amp;amp;quot;,DATUM[&amp;amp;quot;D_North_American_1983&amp;amp;quot;,SPHEROID[&amp;amp;quot;GRS_1980&amp;amp;quot;,6378137.0,298.257222101]],PRIMEM[&amp;amp;quot;Greenwich&amp;amp;quot;,0.0],UNIT[&amp;amp;quot;Degree&amp;amp;quot;,0.0174532925199433]],PROJECTION[&amp;amp;quot;Transverse_Mercator&amp;amp;quot;],PARAMETER[&amp;amp;quot;False_Easting&amp;amp;quot;,500000.0],PARAMETER[&amp;amp;quot;False_Northing&amp;amp;quot;,0.0],PARAMETER[&amp;amp;quot;Central_Meridian&amp;amp;quot;,-123.0],PARAMETER[&amp;amp;quot;Scale_Factor&amp;amp;quot;,0.9996],PARAMETER[&amp;amp;quot;Latitude_Of_Origin&amp;amp;quot;,0.0],UNIT[&amp;amp;quot;Meter&amp;amp;quot;,1.0],AUTHORITY[&amp;amp;quot;EPSG&amp;amp;quot;,26910]]&amp;lt;/WKT&amp;gt;&amp;lt;XOrigin&amp;gt;-5120900&amp;lt;/XOrigin&amp;gt;&amp;lt;YOrigin&amp;gt;-9998100&amp;lt;/YOrigin&amp;gt;&amp;lt;XYScale&amp;gt;10000&amp;lt;/XYScale&amp;gt;&amp;lt;ZOrigin&amp;gt;-100000&amp;lt;/ZOrigin&amp;gt;&amp;lt;ZScale&amp;gt;10000&amp;lt;/ZScale&amp;gt;&amp;lt;MOrigin&amp;gt;-100000&amp;lt;/MOrigin&amp;gt;&amp;lt;MScale&amp;gt;10000&amp;lt;/MScale&amp;gt;&amp;lt;XYTolerance&amp;gt;0.001&amp;lt;/XYTolerance&amp;gt;&amp;lt;ZTolerance&amp;gt;0.001&amp;lt;/ZTolerance&amp;gt;&amp;lt;MTolerance&amp;gt;0.001&amp;lt;/MTolerance&amp;gt;&amp;lt;HighPrecision&amp;gt;true&amp;lt;/HighPrecision&amp;gt;&amp;lt;WKID&amp;gt;26910&amp;lt;/WKID&amp;gt;&amp;lt;LatestWKID&amp;gt;26910&amp;lt;/LatestWKID&amp;gt;&amp;lt;/ProjectedCoordinateSystem&amp;gt;&lt;/peXml&gt;&lt;/coordRef&gt;&lt;lineage&gt;&lt;Process ToolSource=&quot;c:\program files (x86)\arcgis\desktop10.5\ArcToolbox\Toolboxes\Conversion Tools.tbx\FeatureClassToFeatureClass&quot; Date=&quot;20170310&quot; Time=&quot;133418&quot;&gt;FeatureClassToFeatureClass C:\KB\Relationships\1ManyRelStart.gdb\Property_new\A_A_Parcels C:\KB\Relationships\1ManyRelationshipl.gdb\Property_new A_A_Parcels # &quot;PARCELID &quot;PARCELID&quot; true true false 4 Long 0 0 ,First,#,C:\KB\Relationships\1ManyRelStart.gdb\Property_new\A_A_Parcels,PARCELID,-1,-1;GFID &quot;GFID&quot; true true false 38 Guid 0 0 ,First,#,C:\KB\Relationships\1ManyRelStart.gdb\Property_new\A_A_Parcels,GFID,-1,-1;SHAPE_Length &quot;SHAPE_Length&quot; false true true 8 Double 0 0 ,First,#,C:\KB\Relationships\1ManyRelStart.gdb\Property_new\A_A_Parcels,SHAPE_Length,-1,-1;SHAPE_Area &quot;SHAPE_Area&quot; false true true 8 Double 0 0 ,First,#,C:\KB\Relationships\1ManyRelStart.gdb\Property_new\A_A_Parcels,SHAPE_Area,-1,-1;NeighborID &quot;NeighborID&quot; true true false 50 Long 0 0 ,First,#&quot; #&lt;/Process&gt;&lt;/lineage&gt;&lt;/DataProperties&gt;&lt;SyncDate&gt;20170310&lt;/SyncDate&gt;&lt;SyncTime&gt;13341700&lt;/SyncTime&gt;&lt;ModDate&gt;20170310&lt;/ModDate&gt;&lt;ModTime&gt;13341700&lt;/ModTime&gt;&lt;/Esri&gt;&lt;dataIdInfo&gt;&lt;envirDesc Sync=&quot;TRUE&quot;&gt; Version 6.2 (Build 9200) ; Esri ArcGIS 10.5.0.6491&lt;/envirDesc&gt;&lt;dataLang&gt;&lt;languageCode value=&quot;eng&quot; Sync=&quot;TRUE&quot;&gt;&lt;/languageCode&gt;&lt;countryCode value=&quot;USA&quot; Sync=&quot;TRUE&quot;&gt;&lt;/countryCode&gt;&lt;/dataLang&gt;&lt;idCitation&gt;&lt;resTitle Sync=&quot;TRUE&quot;&gt;A_A_Parcels&lt;/resTitle&gt;&lt;presForm&gt;&lt;PresFormCd value=&quot;005&quot; Sync=&quot;TRUE&quot;&gt;&lt;/PresFormCd&gt;&lt;/presForm&gt;&lt;/idCitation&gt;&lt;spatRpType&gt;&lt;SpatRepTypCd value=&quot;001&quot; Sync=&quot;TRUE&quot;&gt;&lt;/SpatRepTypCd&gt;&lt;/spatRpType&gt;&lt;/dataIdInfo&gt;&lt;mdLang&gt;&lt;languageCode value=&quot;eng&quot; Sync=&quot;TRUE&quot;&gt;&lt;/languageCode&gt;&lt;countryCode value=&quot;USA&quot; Sync=&quot;TRUE&quot;&gt;&lt;/countryCode&gt;&lt;/mdLang&gt;&lt;distInfo&gt;&lt;distFormat&gt;&lt;formatName Sync=&quot;TRUE&quot;&gt;File Geodatabase Feature Class&lt;/formatName&gt;&lt;/distFormat&gt;&lt;/distInfo&gt;&lt;mdHrLv&gt;&lt;ScopeCd value=&quot;005&quot; Sync=&quot;TRUE&quot;&gt;&lt;/ScopeCd&gt;&lt;/mdHrLv&gt;&lt;mdHrLvName Sync=&quot;TRUE&quot;&gt;dataset&lt;/mdHrLvName&gt;&lt;refSysInfo&gt;&lt;RefSystem&gt;&lt;refSysID&gt;&lt;identCode code=&quot;26910&quot; Sync=&quot;TRUE&quot;&gt;&lt;/identCode&gt;&lt;idCodeSpace Sync=&quot;TRUE&quot;&gt;EPSG&lt;/idCodeSpace&gt;&lt;idVersion Sync=&quot;TRUE&quot;&gt;7.8.2(3.0.1)&lt;/idVersion&gt;&lt;/refSysID&gt;&lt;/RefSystem&gt;&lt;/refSysInfo&gt;&lt;spatRepInfo&gt;&lt;VectSpatRep&gt;&lt;geometObjs Name=&quot;A_A_Parcels&quot;&gt;&lt;geoObjTyp&gt;&lt;GeoObjTypCd value=&quot;002&quot; Sync=&quot;TRUE&quot;&gt;&lt;/GeoObjTypCd&gt;&lt;/geoObjTyp&gt;&lt;geoObjCnt Sync=&quot;TRUE&quot;&gt;0&lt;/geoObjCnt&gt;&lt;/geometObjs&gt;&lt;topLvl&gt;&lt;TopoLevCd value=&quot;001&quot; Sync=&quot;TRUE&quot;&gt;&lt;/TopoLevCd&gt;&lt;/topLvl&gt;&lt;/VectSpatRep&gt;&lt;/spatRepInfo&gt;&lt;spdoinfo&gt;&lt;ptvctinf&gt;&lt;esriterm Name=&quot;A_A_Parcels&quot;&gt;&lt;efeatyp Sync=&quot;TRUE&quot;&gt;Simple&lt;/efeatyp&gt;&lt;efeageom code=&quot;4&quot; Sync=&quot;TRUE&quot;&gt;&lt;/efeageom&gt;&lt;esritopo Sync=&quot;TRUE&quot;&gt;FALSE&lt;/esritopo&gt;&lt;efeacnt Sync=&quot;TRUE&quot;&gt;0&lt;/efeacnt&gt;&lt;spindex Sync=&quot;TRUE&quot;&gt;TRUE&lt;/spindex&gt;&lt;linrefer Sync=&quot;TRUE&quot;&gt;FALSE&lt;/linrefer&gt;&lt;/esriterm&gt;&lt;/ptvctinf&gt;&lt;/spdoinfo&gt;&lt;eainfo&gt;&lt;detailed Name=&quot;A_A_Parcels&quot;&gt;&lt;enttyp&gt;&lt;enttypl Sync=&quot;TRUE&quot;&gt;A_A_Parcels&lt;/enttypl&gt;&lt;enttypt Sync=&quot;TRUE&quot;&gt;Feature Class&lt;/enttypt&gt;&lt;enttypc Sync=&quot;TRUE&quot;&gt;0&lt;/enttypc&gt;&lt;/enttyp&gt;&lt;attr&gt;&lt;attrlabl Sync=&quot;TRUE&quot;&gt;OBJECTID&lt;/attrlabl&gt;&lt;attalias Sync=&quot;TRUE&quot;&gt;OBJECTID&lt;/attalias&gt;&lt;attrtype Sync=&quot;TRUE&quot;&gt;OID&lt;/attrtype&gt;&lt;attwidth Sync=&quot;TRUE&quot;&gt;4&lt;/attwidth&gt;&lt;atprecis Sync=&quot;TRUE&quot;&gt;0&lt;/atprecis&gt;&lt;attscale Sync=&quot;TRUE&quot;&gt;0&lt;/attscale&gt;&lt;attrdef Sync=&quot;TRUE&quot;&gt;Internal feature number.&lt;/attrdef&gt;&lt;attrdefs Sync=&quot;TRUE&quot;&gt;Esri&lt;/attrdefs&gt;&lt;attrdomv&gt;&lt;udom Sync=&quot;TRUE&quot;&gt;Sequential unique whole numbers that are automatically generated.&lt;/udom&gt;&lt;/attrdomv&gt;&lt;/attr&gt;&lt;attr&gt;&lt;attrlabl Sync=&quot;TRUE&quot;&gt;Shape&lt;/attrlabl&gt;&lt;attalias Sync=&quot;TRUE&quot;&gt;Shape&lt;/attalias&gt;&lt;attrtype Sync=&quot;TRUE&quot;&gt;Geometry&lt;/attrtype&gt;&lt;attwidth Sync=&quot;TRUE&quot;&gt;0&lt;/attwidth&gt;&lt;atprecis Sync=&quot;TRUE&quot;&gt;0&lt;/atprecis&gt;&lt;attscale Sync=&quot;TRUE&quot;&gt;0&lt;/attscale&gt;&lt;attrdef Sync=&quot;TRUE&quot;&gt;Feature geometry.&lt;/attrdef&gt;&lt;attrdefs Sync=&quot;TRUE&quot;&gt;Esri&lt;/attrdefs&gt;&lt;attrdomv&gt;&lt;udom Sync=&quot;TRUE&quot;&gt;Coordinates defining the features.&lt;/udom&gt;&lt;/attrdomv&gt;&lt;/attr&gt;&lt;attr&gt;&lt;attrlabl Sync=&quot;TRUE&quot;&gt;PARCELID&lt;/attrlabl&gt;&lt;attalias Sync=&quot;TRUE&quot;&gt;PARCELID&lt;/attalias&gt;&lt;attrtype Sync=&quot;TRUE&quot;&gt;Integer&lt;/attrtype&gt;&lt;attwidth Sync=&quot;TRUE&quot;&gt;4&lt;/attwidth&gt;&lt;atprecis Sync=&quot;TRUE&quot;&gt;0&lt;/atprecis&gt;&lt;attscale Sync=&quot;TRUE&quot;&gt;0&lt;/attscale&gt;&lt;/attr&gt;&lt;attr&gt;&lt;attrlabl Sync=&quot;TRUE&quot;&gt;GFID&lt;/attrlabl&gt;&lt;attalias Sync=&quot;TRUE&quot;&gt;GFID&lt;/attalias&gt;&lt;attrtype Sync=&quot;TRUE&quot;&gt;GUID&lt;/attrtype&gt;&lt;attwidth Sync=&quot;TRUE&quot;&gt;38&lt;/attwidth&gt;&lt;atprecis Sync=&quot;TRUE&quot;&gt;0&lt;/atprecis&gt;&lt;attscale Sync=&quot;TRUE&quot;&gt;0&lt;/attscale&gt;&lt;/attr&gt;&lt;attr&gt;&lt;attrlabl Sync=&quot;TRUE&quot;&gt;Shape_Length&lt;/attrlabl&gt;&lt;attalias Sync=&quot;TRUE&quot;&gt;Shape_Length&lt;/attalias&gt;&lt;attrtype Sync=&quot;TRUE&quot;&gt;Double&lt;/attrtype&gt;&lt;attwidth Sync=&quot;TRUE&quot;&gt;8&lt;/attwidth&gt;&lt;atprecis Sync=&quot;TRUE&quot;&gt;0&lt;/atprecis&gt;&lt;attscale Sync=&quot;TRUE&quot;&gt;0&lt;/attscale&gt;&lt;attrdef Sync=&quot;TRUE&quot;&gt;Length of feature in internal units.&lt;/attrdef&gt;&lt;attrdefs Sync=&quot;TRUE&quot;&gt;Esri&lt;/attrdefs&gt;&lt;attrdomv&gt;&lt;udom Sync=&quot;TRUE&quot;&gt;Positive real numbers that are automatically generated.&lt;/udom&gt;&lt;/attrdomv&gt;&lt;/attr&gt;&lt;attr&gt;&lt;attrlabl Sync=&quot;TRUE&quot;&gt;Shape_Area&lt;/attrlabl&gt;&lt;attalias Sync=&quot;TRUE&quot;&gt;Shape_Area&lt;/attalias&gt;&lt;attrtype Sync=&quot;TRUE&quot;&gt;Double&lt;/attrtype&gt;&lt;attwidth Sync=&quot;TRUE&quot;&gt;8&lt;/attwidth&gt;&lt;atprecis Sync=&quot;TRUE&quot;&gt;0&lt;/atprecis&gt;&lt;attscale Sync=&quot;TRUE&quot;&gt;0&lt;/attscale&gt;&lt;attrdef Sync=&quot;TRUE&quot;&gt;Area of feature in internal units squared.&lt;/attrdef&gt;&lt;attrdefs Sync=&quot;TRUE&quot;&gt;Esri&lt;/attrdefs&gt;&lt;attrdomv&gt;&lt;udom Sync=&quot;TRUE&quot;&gt;Positive real numbers that are automatically generated.&lt;/udom&gt;&lt;/attrdomv&gt;&lt;/attr&gt;&lt;/detailed&gt;&lt;/eainfo&gt;&lt;mdDateSt Sync=&quot;TRUE&quot;&gt;20170310&lt;/mdDateSt&gt;&lt;/metadata&gt;
</XmlDoc></Metadata><DatasetType>esriDTFeatureClass</DatasetType><DSID>8</DSID><Versioned>false</Versioned><CanVersion>false</CanVersion><ConfigurationKeyword></ConfigurationKeyword><HasOID>true</HasOID><OIDFieldName>OBJECTID</OIDFieldName><Fields xsi:type='esri:Fields'><FieldArray xsi:type='esri:ArrayOfField'><Field xsi:type='esri:Field'><Name>OBJECTID</Name><Type>esriFieldTypeOID</Type><IsNullable>false</IsNullable><Length>4</Length><Precision>0</Precision><Scale>0</Scale><Required>true</Required><Editable>false</Editable><ModelName>OBJECTID</ModelName></Field><Field xsi:type='esri:Field'><Name>Shape</Name><Type>esriFieldTypeGeometry</Type><IsNullable>true</IsNullable><Length>0</Length><Precision>0</Precision><Scale>0</Scale><Required>true</Required><GeometryDef xsi:type='esri:GeometryDef'><AvgNumPoints>0</AvgNumPoints><GeometryType>esriGeometryPolygon</GeometryType><HasM>false</HasM><HasZ>true</HasZ><SpatialReference xsi:type='esri:ProjectedCoordinateSystem'><WKT>PROJCS[&quot;NAD_1983_UTM_Zone_10N&quot;,GEOGCS[&quot;GCS_North_American_1983&quot;,DATUM[&quot;D_North_American_1983&quot;,SPHEROID[&quot;GRS_1980&quot;,6378137.0,298.257222101]],PRIMEM[&quot;Greenwich&quot;,0.0],UNIT[&quot;Degree&quot;,0.0174532925199433]],PROJECTION[&quot;Transverse_Mercator&quot;],PARAMETER[&quot;False_Easting&quot;,500000.0],PARAMETER[&quot;False_Northing&quot;,0.0],PARAMETER[&quot;Central_Meridian&quot;,-123.0],PARAMETER[&quot;Scale_Factor&quot;,0.9996],PARAMETER[&quot;Latitude_Of_Origin&quot;,0.0],UNIT[&quot;Meter&quot;,1.0],AUTHORITY[&quot;EPSG&quot;,26910]]</WKT><XOrigin>-5120900</XOrigin><YOrigin>-9998100</YOrigin><XYScale>10000</XYScale><ZOrigin>-100000</ZOrigin><ZScale>10000</ZScale><MOrigin>-100000</MOrigin><MScale>10000</MScale><XYTolerance>0.001</XYTolerance><ZTolerance>0.001</ZTolerance><MTolerance>0.001</MTolerance><HighPrecision>true</HighPrecision><WKID>26910</WKID><LatestWKID>26910</LatestWKID></SpatialReference><GridSize0>160</GridSize0></GeometryDef><ModelName>Shape</ModelName></Field><Field xsi:type='esri:Field'><Name>PARCELID</Name><Type>esriFieldTypeInteger</Type><IsNullable>true</IsNullable><Length>4</Length><Precision>0</Precision><Scale>0</Scale></Field><Field xsi:type='esri:Field'><Name>GFID</Name><Type>esriFieldTypeGUID</Type><IsNullable>true</IsNullable><Length>38</Length><Precision>0</Precision><Scale>0</Scale></Field><Field xsi:type='esri:Field'><Name>Shape_Length</Name><Type>esriFieldTypeDouble</Type><IsNullable>true</IsNullable><Length>8</Length><Precision>0</Precision><Scale>0</Scale><Required>true</Required><Editable>false</Editable><ModelName>Shape_Length</ModelName></Field><Field xsi:type='esri:Field'><Name>Shape_Area</Name><Type>esriFieldTypeDouble</Type><IsNullable>true</IsNullable><Length>8</Length><Precision>0</Precision><Scale>0</Scale><Required>true</Required><Editable>false</Editable><ModelName>Shape_Area</ModelName></Field><Field xsi:type='esri:Field'><Name>NeighbourID</Name><Type>esriFieldTypeInteger</Type><IsNullable>true</IsNullable><Length>4</Length><Precision>0</Precision><Scale>0</Scale><AliasName>NeighbourID</AliasName><ModelName></ModelName></Field></FieldArray></Fields><Indexes xsi:type='esri:Indexes'><IndexArray xsi:type='esri:ArrayOfIndex'><Index xsi:type='esri:Index'><Name>FDO_OBJECTID</Name><IsUnique>true</IsUnique><IsAscending>true</IsAscending><Fields xsi:type='esri:Fields'><FieldArray xsi:type='esri:ArrayOfField'><Field xsi:type='esri:Field'><Name>OBJECTID</Name><Type>esriFieldTypeOID</Type><IsNullable>false</IsNullable><Length>4</Length><Precision>0</Precision><Scale>0</Scale><Required>true</Required><Editable>false</Editable><ModelName>OBJECTID</ModelName></Field></FieldArray></Fields></Index><Index xsi:type='esri:Index'><Name>FDO_Shape</Name><IsUnique>false</IsUnique><IsAscending>true</IsAscending><Fields xsi:type='esri:Fields'><FieldArray xsi:type='esri:ArrayOfField'><Field xsi:type='esri:Field'><Name>Shape</Name><Type>esriFieldTypeGeometry</Type><IsNullable>true</IsNullable><Length>0</Length><Precision>0</Precision><Scale>0</Scale><Required>true</Required><GeometryDef xsi:type='esri:GeometryDef'><AvgNumPoints>0</AvgNumPoints><GeometryType>esriGeometryPolygon</GeometryType><HasM>false</HasM><HasZ>true</HasZ><SpatialReference xsi:type='esri:ProjectedCoordinateSystem'><WKT>PROJCS[&quot;NAD_1983_UTM_Zone_10N&quot;,GEOGCS[&quot;GCS_North_American_1983&quot;,DATUM[&quot;D_North_American_1983&quot;,SPHEROID[&quot;GRS_1980&quot;,6378137.0,298.257222101]],PRIMEM[&quot;Greenwich&quot;,0.0],UNIT[&quot;Degree&quot;,0.0174532925199433]],PROJECTION[&quot;Transverse_Mercator&quot;],PARAMETER[&quot;False_Easting&quot;,500000.0],PARAMETER[&quot;False_Northing&quot;,0.0],PARAMETER[&quot;Central_Meridian&quot;,-123.0],PARAMETER[&quot;Scale_Factor&quot;,0.9996],PARAMETER[&quot;Latitude_Of_Origin&quot;,0.0],UNIT[&quot;Meter&quot;,1.0],AUTHORITY[&quot;EPSG&quot;,26910]]</WKT><XOrigin>-5120900</XOrigin><YOrigin>-9998100</YOrigin><XYScale>10000</XYScale><ZOrigin>-100000</ZOrigin><ZScale>10000</ZScale><MOrigin>-100000</MOrigin><MScale>10000</MScale><XYTolerance>0.001</XYTolerance><ZTolerance>0.001</ZTolerance><MTolerance>0.001</MTolerance><HighPrecision>true</HighPrecision><WKID>26910</WKID><LatestWKID>26910</LatestWKID></SpatialReference><GridSize0>160</GridSize0></GeometryDef><ModelName>Shape</ModelName></Field></FieldArray></Fields></Index><Index xsi:type='esri:Index'><Name>GDB_8_NeighbourID</Name><IsUnique>false</IsUnique><IsAscending>true</IsAscending><Fields xsi:type='esri:Fields'><FieldArray xsi:type='esri:ArrayOfField'><Field xsi:type='esri:Field'><Name>NeighbourID</Name><Type>esriFieldTypeInteger</Type><IsNullable>true</IsNullable><Length>4</Length><Precision>0</Precision><Scale>0</Scale><AliasName>NeighbourID</AliasName><ModelName></ModelName></Field></FieldArray></Fields></Index></IndexArray></Indexes><CLSID>{52353152-891A-11D0-BEC6-00805F7C4268}</CLSID><EXTCLSID></EXTCLSID><RelationshipClassNames xsi:type='esri:Names'><Name>RelClass</Name></RelationshipClassNames><AliasName>A_A_Parcels</AliasName><ModelName></ModelName><HasGlobalID>false</HasGlobalID><GlobalIDFieldName></GlobalIDFieldName><RasterFieldName></RasterFieldName><ExtensionProperties xsi:type='esri:PropertySet'><PropertyArray xsi:type='esri:ArrayOfPropertySetProperty'></PropertyArray></ExtensionProperties><ControllerMemberships xsi:type='esri:ArrayOfControllerMembership'></ControllerMemberships><EditorTrackingEnabled>false</EditorTrackingEnabled><CreatorFieldName></CreatorFieldName><CreatedAtFieldName></CreatedAtFieldName><EditorFieldName></EditorFieldName><EditedAtFieldName></EditedAtFieldName><IsTimeInUTC>true</IsTimeInUTC><FeatureType>esriFTSimple</FeatureType><ShapeType>esriGeometryPolygon</ShapeType><ShapeFieldName>Shape</ShapeFieldName><HasM>false</HasM><HasZ>true</HasZ><HasSpatialIndex>true</HasSpatialIndex><AreaFieldName>Shape_Area</AreaFieldName><LengthFieldName>Shape_Length</LengthFieldName><Extent xsi:type='esri:EnvelopeN'><XMin>489083.6660000002</XMin><YMin>5457062.7090000007</YMin><XMax>490270.27200000006</XMax><YMax>5457747.5880000014</YMax><ZMin>0</ZMin><ZMax>0</ZMax><SpatialReference xsi:type='esri:ProjectedCoordinateSystem'><WKT>PROJCS[&quot;NAD_1983_UTM_Zone_10N&quot;,GEOGCS[&quot;GCS_North_American_1983&quot;,DATUM[&quot;D_North_American_1983&quot;,SPHEROID[&quot;GRS_1980&quot;,6378137.0,298.257222101]],PRIMEM[&quot;Greenwich&quot;,0.0],UNIT[&quot;Degree&quot;,0.0174532925199433]],PROJECTION[&quot;Transverse_Mercator&quot;],PARAMETER[&quot;False_Easting&quot;,500000.0],PARAMETER[&quot;False_Northing&quot;,0.0],PARAMETER[&quot;Central_Meridian&quot;,-123.0],PARAMETER[&quot;Scale_Factor&quot;,0.9996],PARAMETER[&quot;Latitude_Of_Origin&quot;,0.0],UNIT[&quot;Meter&quot;,1.0],AUTHORITY[&quot;EPSG&quot;,26910]]</WKT><XOrigin>-5120900</XOrigin><YOrigin>-9998100</YOrigin><XYScale>10000</XYScale><ZOrigin>-100000</ZOrigin><ZScale>10000</ZScale><MOrigin>-100000</MOrigin><MScale>10000</MScale><XYTolerance>0.001</XYTolerance><ZTolerance>0.001</ZTolerance><MTolerance>0.001</MTolerance><HighPrecision>true</HighPrecision><WKID>26910</WKID><LatestWKID>26910</LatestWKID></SpatialReference></Extent><SpatialReference xsi:type='esri:ProjectedCoordinateSystem'><WKT>PROJCS[&quot;NAD_1983_UTM_Zone_10N&quot;,GEOGCS[&quot;GCS_North_American_1983&quot;,DATUM[&quot;D_North_American_1983&quot;,SPHEROID[&quot;GRS_1980&quot;,6378137.0,298.257222101]],PRIMEM[&quot;Greenwich&quot;,0.0],UNIT[&quot;Degree&quot;,0.0174532925199433]],PROJECTION[&quot;Transverse_Mercator&quot;],PARAMETER[&quot;False_Easting&quot;,500000.0],PARAMETER[&quot;False_Northing&quot;,0.0],PARAMETER[&quot;Central_Meridian&quot;,-123.0],PARAMETER[&quot;Scale_Factor&quot;,0.9996],PARAMETER[&quot;Latitude_Of_Origin&quot;,0.0],UNIT[&quot;Meter&quot;,1.0],AUTHORITY[&quot;EPSG&quot;,26910]]</WKT><XOrigin>-5120900</XOrigin><YOrigin>-9998100</YOrigin><XYScale>10000</XYScale><ZOrigin>-100000</ZOrigin><ZScale>10000</ZScale><MOrigin>-100000</MOrigin><MScale>10000</MScale><XYTolerance>0.001</XYTolerance><ZTolerance>0.001</ZTolerance><MTolerance>0.001</MTolerance><HighPrecision>true</HighPrecision><WKID>26910</WKID><LatestWKID>26910</LatestWKID></SpatialReference><ChangeTracked>false</ChangeTracked></DataElement><DataElement xsi:type='esri:DERelationshipClass'><CatalogPath>/FD=Property_new/RC=RelClass</CatalogPath><Name>RelClass</Name><MetadataRetrieved>true</MetadataRetrieved><Metadata xsi:type='esri:XmlPropertySet'><XmlDoc>&lt;?xml version=&quot;1.0&quot;?&gt;
&lt;metadata xml:lang=&quot;en&quot;&gt;&lt;Esri&gt;&lt;CreaDate&gt;20170310&lt;/CreaDate&gt;&lt;CreaTime&gt;13432200&lt;/CreaTime&gt;&lt;ArcGISFormat&gt;1.0&lt;/ArcGISFormat&gt;&lt;SyncOnce&gt;TRUE&lt;/SyncOnce&gt;&lt;/Esri&gt;&lt;/metadata&gt;
</XmlDoc></Metadata><DatasetType>esriDTRelationshipClass</DatasetType><DSID>-1</DSID><Versioned>false</Versioned><CanVersion>false</CanVersion><ConfigurationKeyword></ConfigurationKeyword><HasOID>false</HasOID><OIDFieldName></OIDFieldName><Fields xsi:type='esri:Fields'><FieldArray xsi:type='esri:ArrayOfField'></FieldArray></Fields><Indexes xsi:type='esri:Indexes'><IndexArray xsi:type='esri:ArrayOfIndex'></IndexArray></Indexes><CLSID></CLSID><EXTCLSID></EXTCLSID><RelationshipClassNames xsi:type='esri:Names'></RelationshipClassNames><AliasName></AliasName><ModelName></ModelName><HasGlobalID>false</HasGlobalID><GlobalIDFieldName></GlobalIDFieldName><RasterFieldName></RasterFieldName><ExtensionProperties xsi:type='esri:PropertySet'><PropertyArray xsi:type='esri:ArrayOfPropertySetProperty'></PropertyArray></ExtensionProperties><ControllerMemberships xsi:type='esri:ArrayOfControllerMembership'></ControllerMemberships><EditorTrackingEnabled>false</EditorTrackingEnabled><CreatorFieldName></CreatorFieldName><CreatedAtFieldName></CreatedAtFieldName><EditorFieldName></EditorFieldName><EditedAtFieldName></EditedAtFieldName><IsTimeInUTC>true</IsTimeInUTC><Cardinality>esriRelCardinalityOneToMany</Cardinality><Notification>esriRelNotificationNone</Notification><IsAttributed>false</IsAttributed><IsComposite>false</IsComposite><OriginClassNames xsi:type='esri:Names'><Name>A_Neighborhoods</Name></OriginClassNames><DestinationClassNames xsi:type='esri:Names'><Name>A_A_Parcels</Name></DestinationClassNames><KeyType>esriRelKeyTypeSingle</KeyType><ClassKey>esriRelClassKeyUndefined</ClassKey><ForwardPathLabel>A_A_Parcels</ForwardPathLabel><BackwardPathLabel>A_Neighborhoods</BackwardPathLabel><IsReflexive>false</IsReflexive><OriginClassKeys xsi:type='esri:ArrayOfRelationshipClassKey'><RelationshipClassKey xsi:type='esri:RelationshipClassKey'><ObjectKeyName>OBJECTID</ObjectKeyName><ClassKeyName></ClassKeyName><KeyRole>esriRelKeyRoleOriginPrimary</KeyRole></RelationshipClassKey><RelationshipClassKey xsi:type='esri:RelationshipClassKey'><ObjectKeyName>NeighbourID</ObjectKeyName><ClassKeyName></ClassKeyName><KeyRole>esriRelKeyRoleOriginForeign</KeyRole></RelationshipClassKey></OriginClassKeys><RelationshipRules xsi:type='esri:ArrayOfRelationshipRule'></RelationshipRules><IsAttachmentRelationship>false</IsAttachmentRelationship><ChangeTracked>false</ChangeTracked></DataElement></Children><DatasetType>esriDTFeatureDataset</DatasetType><DSID>3</DSID><Versioned>false</Versioned><CanVersion>false</CanVersion><ConfigurationKeyword></ConfigurationKeyword><Extent xsi:type='esri:EnvelopeN'><XMin>486459.32589999959</XMin><YMin>5456022.0124999993</YMin><XMax>491652.11340000015</XMax><YMax>5458499.6882000007</YMax><SpatialReference xsi:type='esri:ProjectedCoordinateSystem'><WKT>PROJCS[&quot;NAD_1983_UTM_Zone_10N&quot;,GEOGCS[&quot;GCS_North_American_1983&quot;,DATUM[&quot;D_North_American_1983&quot;,SPHEROID[&quot;GRS_1980&quot;,6378137.0,298.257222101]],PRIMEM[&quot;Greenwich&quot;,0.0],UNIT[&quot;Degree&quot;,0.0174532925199433]],PROJECTION[&quot;Transverse_Mercator&quot;],PARAMETER[&quot;False_Easting&quot;,500000.0],PARAMETER[&quot;False_Northing&quot;,0.0],PARAMETER[&quot;Central_Meridian&quot;,-123.0],PARAMETER[&quot;Scale_Factor&quot;,0.9996],PARAMETER[&quot;Latitude_Of_Origin&quot;,0.0],UNIT[&quot;Meter&quot;,1.0],AUTHORITY[&quot;EPSG&quot;,26910]]</WKT><XOrigin>-5120900</XOrigin><YOrigin>-9998100</YOrigin><XYScale>10000</XYScale><ZOrigin>-100000</ZOrigin><ZScale>10000</ZScale><MOrigin>-100000</MOrigin><MScale>10000</MScale><XYTolerance>0.001</XYTolerance><ZTolerance>0.001</ZTolerance><MTolerance>0.001</MTolerance><HighPrecision>true</HighPrecision><WKID>26910</WKID><LatestWKID>26910</LatestWKID></SpatialReference></Extent><SpatialReference xsi:type='esri:ProjectedCoordinateSystem'><WKT>PROJCS[&quot;NAD_1983_UTM_Zone_10N&quot;,GEOGCS[&quot;GCS_North_American_1983&quot;,DATUM[&quot;D_North_American_1983&quot;,SPHEROID[&quot;GRS_1980&quot;,6378137.0,298.257222101]],PRIMEM[&quot;Greenwich&quot;,0.0],UNIT[&quot;Degree&quot;,0.0174532925199433]],PROJECTION[&quot;Transverse_Mercator&quot;],PARAMETER[&quot;False_Easting&quot;,500000.0],PARAMETER[&quot;False_Northing&quot;,0.0],PARAMETER[&quot;Central_Meridian&quot;,-123.0],PARAMETER[&quot;Scale_Factor&quot;,0.9996],PARAMETER[&quot;Latitude_Of_Origin&quot;,0.0],UNIT[&quot;Meter&quot;,1.0],AUTHORITY[&quot;EPSG&quot;,26910]]</WKT><XOrigin>-5120900</XOrigin><YOrigin>-9998100</YOrigin><XYScale>10000</XYScale><ZOrigin>-100000</ZOrigin><ZScale>10000</ZScale><MOrigin>-100000</MOrigin><MScale>10000</MScale><XYTolerance>0.001</XYTolerance><ZTolerance>0.001</ZTolerance><MTolerance>0.001</MTolerance><HighPrecision>true</HighPrecision><WKID>26910</WKID><LatestWKID>26910</LatestWKID></SpatialReference><ChangeTracked>false</ChangeTracked></DataElement></DatasetDefinitions><Metadata xsi:type='esri:XmlPropertySet'><XmlDoc>&lt;?xml version=&quot;1.0&quot;?&gt;
&lt;metadata xml:lang=&quot;en&quot;&gt;&lt;Esri&gt;&lt;CreaDate&gt;20170310&lt;/CreaDate&gt;&lt;CreaTime&gt;13432200&lt;/CreaTime&gt;&lt;ArcGISFormat&gt;1.0&lt;/ArcGISFormat&gt;&lt;SyncOnce&gt;TRUE&lt;/SyncOnce&gt;&lt;/Esri&gt;&lt;/metadata&gt;
</XmlDoc></Metadata></WorkspaceDefinition><WorkspaceData xsi:type='esri:WorkspaceData'></WorkspaceData></esri:Workspace>