<esri:Workspace xmlns:esri='http://www.esri.com/schemas/ArcGIS/10.5' xmlns:xsi='http://www.w3.org/2001/XMLSchema-instance' xmlns:xs='http://www.w3.org/2001/XMLSchema'><WorkspaceDefinition xsi:type='esri:WorkspaceDefinition'><WorkspaceType>esriLocalDatabaseWorkspace</WorkspaceType><Version></Version><Domains xsi:type='esri:ArrayOfDomain'><Domain xsi:type='esri:CodedValueDomain'><DomainName>ssDomainBoolean</DomainName><FieldType>esriFieldTypeSmallInteger</FieldType><MergePolicy>esriMPTDefaultValue</MergePolicy><SplitPolicy>esriSPTDuplicate</SplitPolicy><Description></Description><Owner></Owner><CodedValues xsi:type='esri:ArrayOfCodedValue'><CodedValue xsi:type='esri:CodedValue'><Name>False</Name><Code xsi:type='xs:short'>0</Code></CodedValue><CodedValue xsi:type='esri:CodedValue'><Name>True</Name><Code xsi:type='xs:short'>1</Code></CodedValue></CodedValues></Domain><Domain xsi:type='esri:CodedValueDomain'><DomainName>wDomainLateralLineDiameter</DomainName><FieldType>esriFieldTypeDouble</FieldType><MergePolicy>esriMPTDefaultValue</MergePolicy><SplitPolicy>esriSPTDefaultValue</SplitPolicy><Description></Description><Owner></Owner><CodedValues xsi:type='esri:ArrayOfCodedValue'><CodedValue xsi:type='esri:CodedValue'><Name>3/4&quot;</Name><Code xsi:type='xs:double'>0.75</Code></CodedValue><CodedValue xsi:type='esri:CodedValue'><Name>1&quot;</Name><Code xsi:type='xs:double'>1</Code></CodedValue><CodedValue xsi:type='esri:CodedValue'><Name>1 1/2&quot;</Name><Code xsi:type='xs:double'>1.5</Code></CodedValue><CodedValue xsi:type='esri:CodedValue'><Name>2&quot;</Name><Code xsi:type='xs:double'>2</Code></CodedValue><CodedValue xsi:type='esri:CodedValue'><Name>4&quot;</Name><Code xsi:type='xs:double'>4</Code></CodedValue><CodedValue xsi:type='esri:CodedValue'><Name>6&quot;</Name><Code xsi:type='xs:double'>6</Code></CodedValue><CodedValue xsi:type='esri:CodedValue'><Name>8&quot;</Name><Code xsi:type='xs:double'>8</Code></CodedValue><CodedValue xsi:type='esri:CodedValue'><Name>10&quot;</Name><Code xsi:type='xs:double'>10</Code></CodedValue><CodedValue xsi:type='esri:CodedValue'><Name>12&quot;</Name><Code xsi:type='xs:double'>12</Code></CodedValue><CodedValue xsi:type='esri:CodedValue'><Name>Unknown</Name><Code xsi:type='xs:double'>0</Code></CodedValue><CodedValue xsi:type='esri:CodedValue'><Name>Other</Name><Code xsi:type='xs:double'>-1</Code></CodedValue></CodedValues></Domain><Domain xsi:type='esri:CodedValueDomain'><DomainName>wDomainLiningMaterial</DomainName><FieldType>esriFieldTypeSmallInteger</FieldType><MergePolicy>esriMPTDefaultValue</MergePolicy><SplitPolicy>esriSPTDefaultValue</SplitPolicy><Description></Description><Owner></Owner><CodedValues xsi:type='esri:ArrayOfCodedValue'><CodedValue xsi:type='esri:CodedValue'><Name>Cement Lined</Name><Code xsi:type='xs:short'>1</Code></CodedValue><CodedValue xsi:type='esri:CodedValue'><Name>CENT</Name><Code xsi:type='xs:short'>2</Code></CodedValue><CodedValue xsi:type='esri:CodedValue'><Name>Coal Tar</Name><Code xsi:type='xs:short'>3</Code></CodedValue><CodedValue xsi:type='esri:CodedValue'><Name>Epoxy</Name><Code xsi:type='xs:short'>4</Code></CodedValue></CodedValues></Domain><Domain xsi:type='esri:CodedValueDomain'><DomainName>wDomainMaterial</DomainName><FieldType>esriFieldTypeString</FieldType><MergePolicy>esriMPTDefaultValue</MergePolicy><SplitPolicy>esriSPTDuplicate</SplitPolicy><Description></Description><Owner></Owner><CodedValues xsi:type='esri:ArrayOfCodedValue'><CodedValue xsi:type='esri:CodedValue'><Name>Ductile Iron</Name><Code xsi:type='xs:string'>DI</Code></CodedValue><CodedValue xsi:type='esri:CodedValue'><Name>Cast Iron</Name><Code xsi:type='xs:string'>CI</Code></CodedValue><CodedValue xsi:type='esri:CodedValue'><Name>Poly Vinyl Chloride</Name><Code xsi:type='xs:string'>PVC</Code></CodedValue><CodedValue xsi:type='esri:CodedValue'><Name>Asbestos Concrete</Name><Code xsi:type='xs:string'>AC</Code></CodedValue><CodedValue xsi:type='esri:CodedValue'><Name>Clay</Name><Code xsi:type='xs:string'>Cl</Code></CodedValue><CodedValue xsi:type='esri:CodedValue'><Name>Wood</Name><Code xsi:type='xs:string'>Wo</Code></CodedValue><CodedValue xsi:type='esri:CodedValue'><Name>Unknown</Name><Code xsi:type='xs:string'>Unk</Code></CodedValue><CodedValue xsi:type='esri:CodedValue'><Name>Other</Name><Code xsi:type='xs:string'>Oth</Code></CodedValue><CodedValue xsi:type='esri:CodedValue'><Name>Concrete</Name><Code xsi:type='xs:string'>C</Code></CodedValue><CodedValue xsi:type='esri:CodedValue'><Name>Copper</Name><Code xsi:type='xs:string'>Cu</Code></CodedValue><CodedValue xsi:type='esri:CodedValue'><Name>Galvinized</Name><Code xsi:type='xs:string'>GA</Code></CodedValue><CodedValue xsi:type='esri:CodedValue'><Name>High Density Polyethelene</Name><Code xsi:type='xs:string'>HDP</Code></CodedValue><CodedValue xsi:type='esri:CodedValue'><Name>Steel</Name><Code xsi:type='xs:string'>St</Code></CodedValue></CodedValues></Domain><Domain xsi:type='esri:CodedValueDomain'><DomainName>ssDomainMainDiameter</DomainName><FieldType>esriFieldTypeDouble</FieldType><MergePolicy>esriMPTDefaultValue</MergePolicy><SplitPolicy>esriSPTDefaultValue</SplitPolicy><Description></Description><Owner></Owner><CodedValues xsi:type='esri:ArrayOfCodedValue'><CodedValue xsi:type='esri:CodedValue'><Name>1&quot;</Name><Code xsi:type='xs:double'>1</Code></CodedValue><CodedValue xsi:type='esri:CodedValue'><Name>2&quot;</Name><Code xsi:type='xs:double'>2</Code></CodedValue><CodedValue xsi:type='esri:CodedValue'><Name>4&quot;</Name><Code xsi:type='xs:double'>4</Code></CodedValue><CodedValue xsi:type='esri:CodedValue'><Name>6&quot;</Name><Code xsi:type='xs:double'>6</Code></CodedValue><CodedValue xsi:type='esri:CodedValue'><Name>8&quot;</Name><Code xsi:type='xs:double'>8</Code></CodedValue><CodedValue xsi:type='esri:CodedValue'><Name>10&quot;</Name><Code xsi:type='xs:double'>10</Code></CodedValue><CodedValue xsi:type='esri:CodedValue'><Name>12&quot;</Name><Code xsi:type='xs:double'>12</Code></CodedValue><CodedValue xsi:type='esri:CodedValue'><Name>14&quot;</Name><Code xsi:type='xs:double'>14</Code></CodedValue><CodedValue xsi:type='esri:CodedValue'><Name>16&quot;</Name><Code xsi:type='xs:double'>16</Code></CodedValue><CodedValue xsi:type='esri:CodedValue'><Name>18&quot;</Name><Code xsi:type='xs:double'>18</Code></CodedValue><CodedValue xsi:type='esri:CodedValue'><Name>20&quot;</Name><Code xsi:type='xs:double'>20</Code></CodedValue><CodedValue xsi:type='esri:CodedValue'><Name>24&quot;</Name><Code xsi:type='xs:double'>24</Code></CodedValue><CodedValue xsi:type='esri:CodedValue'><Name>Unknown</Name><Code xsi:type='xs:double'>0</Code></CodedValue><CodedValue xsi:type='esri:CodedValue'><Name>Other</Name><Code xsi:type='xs:double'>-1</Code></CodedValue></CodedValues></Domain><Domain xsi:type='esri:CodedValueDomain'><DomainName>ssDomainWaterLineMaterial</DomainName><FieldType>esriFieldTypeString</FieldType><MergePolicy>esriMPTDefaultValue</MergePolicy><SplitPolicy>esriSPTDuplicate</SplitPolicy><Description></Description><Owner></Owner><CodedValues xsi:type='esri:ArrayOfCodedValue'><CodedValue xsi:type='esri:CodedValue'><Name>Ductile Iron</Name><Code xsi:type='xs:string'>DI</Code></CodedValue><CodedValue xsi:type='esri:CodedValue'><Name>Cast Iron</Name><Code xsi:type='xs:string'>CI</Code></CodedValue><CodedValue xsi:type='esri:CodedValue'><Name>Poly Vinyl Chloride</Name><Code xsi:type='xs:string'>PVC</Code></CodedValue><CodedValue xsi:type='esri:CodedValue'><Name>Asbestos Concrete</Name><Code xsi:type='xs:string'>AC</Code></CodedValue><CodedValue xsi:type='esri:CodedValue'><Name>Clay</Name><Code xsi:type='xs:string'>CL</Code></CodedValue><CodedValue xsi:type='esri:CodedValue'><Name>Wood</Name><Code xsi:type='xs:string'>Wo</Code></CodedValue><CodedValue xsi:type='esri:CodedValue'><Name>Unknown</Name><Code xsi:type='xs:string'>Unk</Code></CodedValue><CodedValue xsi:type='esri:CodedValue'><Name>Other</Name><Code xsi:type='xs:string'>Oth</Code></CodedValue></CodedValues></Domain><Domain xsi:type='esri:CodedValueDomain'><DomainName>wDomainMainDiameter</DomainName><FieldType>esriFieldTypeDouble</FieldType><MergePolicy>esriMPTDefaultValue</MergePolicy><SplitPolicy>esriSPTDefaultValue</SplitPolicy><Description></Description><Owner></Owner><CodedValues xsi:type='esri:ArrayOfCodedValue'><CodedValue xsi:type='esri:CodedValue'><Name>20</Name><Code xsi:type='xs:double'>20</Code></CodedValue><CodedValue xsi:type='esri:CodedValue'><Name>25</Name><Code xsi:type='xs:double'>25</Code></CodedValue><CodedValue xsi:type='esri:CodedValue'><Name>30</Name><Code xsi:type='xs:double'>30</Code></CodedValue><CodedValue xsi:type='esri:CodedValue'><Name>40</Name><Code xsi:type='xs:double'>40</Code></CodedValue><CodedValue xsi:type='esri:CodedValue'><Name>50</Name><Code xsi:type='xs:double'>50</Code></CodedValue><CodedValue xsi:type='esri:CodedValue'><Name>65</Name><Code xsi:type='xs:double'>65</Code></CodedValue><CodedValue xsi:type='esri:CodedValue'><Name>75</Name><Code xsi:type='xs:double'>75</Code></CodedValue><CodedValue xsi:type='esri:CodedValue'><Name>100</Name><Code xsi:type='xs:double'>100</Code></CodedValue><CodedValue xsi:type='esri:CodedValue'><Name>150</Name><Code xsi:type='xs:double'>150</Code></CodedValue><CodedValue xsi:type='esri:CodedValue'><Name>200</Name><Code xsi:type='xs:double'>200</Code></CodedValue><CodedValue xsi:type='esri:CodedValue'><Name>250</Name><Code xsi:type='xs:double'>250</Code></CodedValue><CodedValue xsi:type='esri:CodedValue'><Name>300</Name><Code xsi:type='xs:double'>300</Code></CodedValue><CodedValue xsi:type='esri:CodedValue'><Name>350</Name><Code xsi:type='xs:double'>350</Code></CodedValue><CodedValue xsi:type='esri:CodedValue'><Name>400</Name><Code xsi:type='xs:double'>400</Code></CodedValue><CodedValue xsi:type='esri:CodedValue'><Name>500</Name><Code xsi:type='xs:double'>500</Code></CodedValue><CodedValue xsi:type='esri:CodedValue'><Name>550</Name><Code xsi:type='xs:double'>550</Code></CodedValue><CodedValue xsi:type='esri:CodedValue'><Name>600</Name><Code xsi:type='xs:double'>600</Code></CodedValue><CodedValue xsi:type='esri:CodedValue'><Name>675</Name><Code xsi:type='xs:double'>675</Code></CodedValue><CodedValue xsi:type='esri:CodedValue'><Name>700</Name><Code xsi:type='xs:double'>700</Code></CodedValue><CodedValue xsi:type='esri:CodedValue'><Name>750</Name><Code xsi:type='xs:double'>750</Code></CodedValue><CodedValue xsi:type='esri:CodedValue'><Name>775</Name><Code xsi:type='xs:double'>775</Code></CodedValue><CodedValue xsi:type='esri:CodedValue'><Name>800</Name><Code xsi:type='xs:double'>800</Code></CodedValue><CodedValue xsi:type='esri:CodedValue'><Name>850</Name><Code xsi:type='xs:double'>850</Code></CodedValue><CodedValue xsi:type='esri:CodedValue'><Name>900</Name><Code xsi:type='xs:double'>900</Code></CodedValue><CodedValue xsi:type='esri:CodedValue'><Name>1000</Name><Code xsi:type='xs:double'>1000</Code></CodedValue><CodedValue xsi:type='esri:CodedValue'><Name>1050</Name><Code xsi:type='xs:double'>1050</Code></CodedValue><CodedValue xsi:type='esri:CodedValue'><Name>1200</Name><Code xsi:type='xs:double'>1200</Code></CodedValue><CodedValue xsi:type='esri:CodedValue'><Name>1350</Name><Code xsi:type='xs:double'>1350</Code></CodedValue><CodedValue xsi:type='esri:CodedValue'><Name>1500</Name><Code xsi:type='xs:double'>1500</Code></CodedValue><CodedValue xsi:type='esri:CodedValue'><Name>1800</Name><Code xsi:type='xs:double'>1800</Code></CodedValue><CodedValue xsi:type='esri:CodedValue'><Name>1900</Name><Code xsi:type='xs:double'>1900</Code></CodedValue></CodedValues></Domain><Domain xsi:type='esri:CodedValueDomain'><DomainName>wDomainManufacturer</DomainName><FieldType>esriFieldTypeString</FieldType><MergePolicy>esriMPTDefaultValue</MergePolicy><SplitPolicy>esriSPTDuplicate</SplitPolicy><Description></Description><Owner></Owner><CodedValues xsi:type='esri:ArrayOfCodedValue'><CodedValue xsi:type='esri:CodedValue'><Name>John Smith</Name><Code xsi:type='xs:string'>JS</Code></CodedValue><CodedValue xsi:type='esri:CodedValue'><Name>McManus</Name><Code xsi:type='xs:string'>MC</Code></CodedValue><CodedValue xsi:type='esri:CodedValue'><Name>John Foundry</Name><Code xsi:type='xs:string'>JF</Code></CodedValue><CodedValue xsi:type='esri:CodedValue'><Name>Unknown</Name><Code xsi:type='xs:string'>Unk</Code></CodedValue><CodedValue xsi:type='esri:CodedValue'><Name>Other</Name><Code xsi:type='xs:string'>Oth</Code></CodedValue></CodedValues></Domain><Domain xsi:type='esri:CodedValueDomain'><DomainName>wDomainHydrantManufacturer</DomainName><FieldType>esriFieldTypeString</FieldType><MergePolicy>esriMPTDefaultValue</MergePolicy><SplitPolicy>esriSPTDuplicate</SplitPolicy><Description></Description><Owner></Owner><CodedValues xsi:type='esri:ArrayOfCodedValue'><CodedValue xsi:type='esri:CodedValue'><Name>American Darling</Name><Code xsi:type='xs:string'>AMERD</Code></CodedValue><CodedValue xsi:type='esri:CodedValue'><Name>Corey</Name><Code xsi:type='xs:string'>COREY</Code></CodedValue><CodedValue xsi:type='esri:CodedValue'><Name>Clow Corporation</Name><Code xsi:type='xs:string'>CLOW</Code></CodedValue><CodedValue xsi:type='esri:CodedValue'><Name>Dresser</Name><Code xsi:type='xs:string'>DRESSER</Code></CodedValue><CodedValue xsi:type='esri:CodedValue'><Name>Kennedy Valve</Name><Code xsi:type='xs:string'>KENNEDY</Code></CodedValue><CodedValue xsi:type='esri:CodedValue'><Name>M&amp;H Valve</Name><Code xsi:type='xs:string'>MH</Code></CodedValue><CodedValue xsi:type='esri:CodedValue'><Name>M&amp;H Valve / Dresser</Name><Code xsi:type='xs:string'>MHD</Code></CodedValue><CodedValue xsi:type='esri:CodedValue'><Name>Muller Company</Name><Code xsi:type='xs:string'>MULLER</Code></CodedValue><CodedValue xsi:type='esri:CodedValue'><Name>Other</Name><Code xsi:type='xs:string'>OTH</Code></CodedValue><CodedValue xsi:type='esri:CodedValue'><Name>Unknown</Name><Code xsi:type='xs:string'>UNK</Code></CodedValue><CodedValue xsi:type='esri:CodedValue'><Name>US Pipe</Name><Code xsi:type='xs:string'>USPIPE</Code></CodedValue><CodedValue xsi:type='esri:CodedValue'><Name>Wood-Matthews</Name><Code xsi:type='xs:string'>WOOD</Code></CodedValue></CodedValues></Domain><Domain xsi:type='esri:CodedValueDomain'><DomainName>wDomainType</DomainName><FieldType>esriFieldTypeString</FieldType><MergePolicy>esriMPTDefaultValue</MergePolicy><SplitPolicy>esriSPTDefaultValue</SplitPolicy><Description></Description><Owner></Owner><CodedValues xsi:type='esri:ArrayOfCodedValue'><CodedValue xsi:type='esri:CodedValue'><Name>PFPS Mains</Name><Code xsi:type='xs:string'>DFPS</Code></CodedValue><CodedValue xsi:type='esri:CodedValue'><Name>Distribution</Name><Code xsi:type='xs:string'>D</Code></CodedValue><CodedValue xsi:type='esri:CodedValue'><Name>Transmission</Name><Code xsi:type='xs:string'>T</Code></CodedValue></CodedValues></Domain><Domain xsi:type='esri:RangeDomain'><DomainName>ssDomainAccessDiameter</DomainName><FieldType>esriFieldTypeDouble</FieldType><MergePolicy>esriMPTDefaultValue</MergePolicy><SplitPolicy>esriSPTDefaultValue</SplitPolicy><Description></Description><Owner></Owner><MaxValue xsi:type='xs:double'>72</MaxValue><MinValue xsi:type='xs:double'>0</MinValue></Domain><Domain xsi:type='esri:RangeDomain'><DomainName>ssDomainPressurizedMainDiameter</DomainName><FieldType>esriFieldTypeDouble</FieldType><MergePolicy>esriMPTDefaultValue</MergePolicy><SplitPolicy>esriSPTDefaultValue</SplitPolicy><Description></Description><Owner></Owner><MaxValue xsi:type='xs:double'>48</MaxValue><MinValue xsi:type='xs:double'>0</MinValue></Domain><Domain xsi:type='esri:CodedValueDomain'><DomainName>ssDomainSystemValveRegulationType</DomainName><FieldType>esriFieldTypeString</FieldType><MergePolicy>esriMPTDefaultValue</MergePolicy><SplitPolicy>esriSPTDuplicate</SplitPolicy><Description></Description><Owner></Owner><CodedValues xsi:type='esri:ArrayOfCodedValue'><CodedValue xsi:type='esri:CodedValue'><Name>Flow</Name><Code xsi:type='xs:string'>Flow</Code></CodedValue><CodedValue xsi:type='esri:CodedValue'><Name>Pressure</Name><Code xsi:type='xs:string'>Pressure</Code></CodedValue></CodedValues></Domain><Domain xsi:type='esri:CodedValueDomain'><DomainName>wDomainWaterLineMaterial</DomainName><FieldType>esriFieldTypeString</FieldType><MergePolicy>esriMPTDefaultValue</MergePolicy><SplitPolicy>esriSPTDefaultValue</SplitPolicy><Description></Description><Owner></Owner><CodedValues xsi:type='esri:ArrayOfCodedValue'><CodedValue xsi:type='esri:CodedValue'><Name>Ductile Iron</Name><Code xsi:type='xs:string'>DI</Code></CodedValue><CodedValue xsi:type='esri:CodedValue'><Name>Cast Iron</Name><Code xsi:type='xs:string'>CI</Code></CodedValue><CodedValue xsi:type='esri:CodedValue'><Name>Poly Vinyl Chloride</Name><Code xsi:type='xs:string'>PVC</Code></CodedValue><CodedValue xsi:type='esri:CodedValue'><Name>Asbestos Concrete</Name><Code xsi:type='xs:string'>AC</Code></CodedValue><CodedValue xsi:type='esri:CodedValue'><Name>Clay</Name><Code xsi:type='xs:string'>Cl</Code></CodedValue><CodedValue xsi:type='esri:CodedValue'><Name>Wood</Name><Code xsi:type='xs:string'>Wo</Code></CodedValue><CodedValue xsi:type='esri:CodedValue'><Name>Unknown</Name><Code xsi:type='xs:string'>Unk</Code></CodedValue><CodedValue xsi:type='esri:CodedValue'><Name>Other</Name><Code xsi:type='xs:string'>Oth</Code></CodedValue></CodedValues></Domain><Domain xsi:type='esri:CodedValueDomain'><DomainName>wDomainBoolean</DomainName><FieldType>esriFieldTypeSmallInteger</FieldType><MergePolicy>esriMPTDefaultValue</MergePolicy><SplitPolicy>esriSPTDuplicate</SplitPolicy><Description></Description><Owner></Owner><CodedValues xsi:type='esri:ArrayOfCodedValue'><CodedValue xsi:type='esri:CodedValue'><Name>False</Name><Code xsi:type='xs:short'>0</Code></CodedValue><CodedValue xsi:type='esri:CodedValue'><Name>True</Name><Code xsi:type='xs:short'>1</Code></CodedValue></CodedValues></Domain><Domain xsi:type='esri:CodedValueDomain'><DomainName>wDomainLifecycleStatus</DomainName><FieldType>esriFieldTypeString</FieldType><MergePolicy>esriMPTDefaultValue</MergePolicy><SplitPolicy>esriSPTDuplicate</SplitPolicy><Description></Description><Owner></Owner><CodedValues xsi:type='esri:ArrayOfCodedValue'><CodedValue xsi:type='esri:CodedValue'><Name>Proposed</Name><Code xsi:type='xs:string'>Proposed</Code></CodedValue><CodedValue xsi:type='esri:CodedValue'><Name>Active</Name><Code xsi:type='xs:string'>Active</Code></CodedValue><CodedValue xsi:type='esri:CodedValue'><Name>Abandoned</Name><Code xsi:type='xs:string'>Abandoned</Code></CodedValue><CodedValue xsi:type='esri:CodedValue'><Name>Removed</Name><Code xsi:type='xs:string'>Removed</Code></CodedValue></CodedValues></Domain><Domain xsi:type='esri:CodedValueDomain'><DomainName>ssDomainAccessType</DomainName><FieldType>esriFieldTypeString</FieldType><MergePolicy>esriMPTDefaultValue</MergePolicy><SplitPolicy>esriSPTDefaultValue</SplitPolicy><Description></Description><Owner></Owner><CodedValues xsi:type='esri:ArrayOfCodedValue'><CodedValue xsi:type='esri:CodedValue'><Name>Door</Name><Code xsi:type='xs:string'>Door</Code></CodedValue><CodedValue xsi:type='esri:CodedValue'><Name>Grate</Name><Code xsi:type='xs:string'>Grate</Code></CodedValue><CodedValue xsi:type='esri:CodedValue'><Name>Hand</Name><Code xsi:type='xs:string'>Hand</Code></CodedValue><CodedValue xsi:type='esri:CodedValue'><Name>Lid</Name><Code xsi:type='xs:string'>Lid</Code></CodedValue><CodedValue xsi:type='esri:CodedValue'><Name>Manhole Cover</Name><Code xsi:type='xs:string'>Cover</Code></CodedValue><CodedValue xsi:type='esri:CodedValue'><Name>Other</Name><Code xsi:type='xs:string'>Oth</Code></CodedValue><CodedValue xsi:type='esri:CodedValue'><Name>Unknown</Name><Code xsi:type='xs:string'>Unk</Code></CodedValue></CodedValues></Domain><Domain xsi:type='esri:CodedValueDomain'><DomainName>ssDomainLifecycleStatus</DomainName><FieldType>esriFieldTypeString</FieldType><MergePolicy>esriMPTDefaultValue</MergePolicy><SplitPolicy>esriSPTDuplicate</SplitPolicy><Description></Description><Owner></Owner><CodedValues xsi:type='esri:ArrayOfCodedValue'><CodedValue xsi:type='esri:CodedValue'><Name>Proposed</Name><Code xsi:type='xs:string'>Proposed</Code></CodedValue><CodedValue xsi:type='esri:CodedValue'><Name>Active</Name><Code xsi:type='xs:string'>Active</Code></CodedValue><CodedValue xsi:type='esri:CodedValue'><Name>Abandoned</Name><Code xsi:type='xs:string'>Abandoned</Code></CodedValue><CodedValue xsi:type='esri:CodedValue'><Name>Removed</Name><Code xsi:type='xs:string'>Removed</Code></CodedValue></CodedValues></Domain><Domain xsi:type='esri:CodedValueDomain'><DomainName>EnabledDomain</DomainName><FieldType>esriFieldTypeSmallInteger</FieldType><MergePolicy>esriMPTDefaultValue</MergePolicy><SplitPolicy>esriSPTDefaultValue</SplitPolicy><Description></Description><Owner></Owner><CodedValues xsi:type='esri:ArrayOfCodedValue'><CodedValue xsi:type='esri:CodedValue'><Name>False</Name><Code xsi:type='xs:short'>0</Code></CodedValue><CodedValue xsi:type='esri:CodedValue'><Name>True</Name><Code xsi:type='xs:short'>1</Code></CodedValue></CodedValues></Domain></Domains><DatasetDefinitions xsi:type='esri:ArrayOfDataElement'><DataElement xsi:type='esri:DEFeatureDataset'><CatalogPath>/FD=Water_Distribution</CatalogPath><Name>Water_Distribution</Name><MetadataRetrieved>true</MetadataRetrieved><Metadata xsi:type='esri:XmlPropertySet'><XmlDoc>&lt;metadata xml:lang=&quot;en&quot;&gt;&lt;Esri&gt;&lt;CreaDate&gt;20140514&lt;/CreaDate&gt;&lt;CreaTime&gt;17020600&lt;/CreaTime&gt;&lt;ArcGISFormat&gt;1.0&lt;/ArcGISFormat&gt;&lt;SyncOnce&gt;TRUE&lt;/SyncOnce&gt;&lt;/Esri&gt;&lt;/metadata&gt;
</XmlDoc></Metadata><Children xsi:type='esri:ArrayOfDataElement'><DataElement xsi:type='esri:DEFeatureClass'><CatalogPath>/FD=Water_Distribution/FC=wMain</CatalogPath><Name>wMain</Name><MetadataRetrieved>true</MetadataRetrieved><Metadata xsi:type='esri:XmlPropertySet'><XmlDoc>&lt;metadata xml:lang=&quot;en&quot;&gt;&lt;Esri&gt;&lt;CreaDate&gt;20140514&lt;/CreaDate&gt;&lt;CreaTime&gt;17020600&lt;/CreaTime&gt;&lt;ArcGISFormat&gt;1.0&lt;/ArcGISFormat&gt;&lt;SyncOnce&gt;TRUE&lt;/SyncOnce&gt;&lt;/Esri&gt;&lt;/metadata&gt;
</XmlDoc></Metadata><DatasetType>esriDTFeatureClass</DatasetType><DSID>24</DSID><Versioned>false</Versioned><CanVersion>false</CanVersion><ConfigurationKeyword></ConfigurationKeyword><HasOID>true</HasOID><OIDFieldName>OBJECTID</OIDFieldName><Fields xsi:type='esri:Fields'><FieldArray xsi:type='esri:ArrayOfField'><Field xsi:type='esri:Field'><Name>Shape</Name><Type>esriFieldTypeGeometry</Type><IsNullable>true</IsNullable><Length>0</Length><Precision>0</Precision><Scale>0</Scale><Required>true</Required><GeometryDef xsi:type='esri:GeometryDef'><AvgNumPoints>0</AvgNumPoints><GeometryType>esriGeometryPolyline</GeometryType><HasM>true</HasM><HasZ>false</HasZ><SpatialReference xsi:type='esri:ProjectedCoordinateSystem'><WKT>PROJCS[&quot;NAD_1983_UTM_Zone_10N&quot;,GEOGCS[&quot;GCS_North_American_1983&quot;,DATUM[&quot;D_North_American_1983&quot;,SPHEROID[&quot;GRS_1980&quot;,6378137.0,298.257222101]],PRIMEM[&quot;Greenwich&quot;,0.0],UNIT[&quot;Degree&quot;,0.0174532925199433]],PROJECTION[&quot;Transverse_Mercator&quot;],PARAMETER[&quot;False_Easting&quot;,500000.0],PARAMETER[&quot;False_Northing&quot;,0.0],PARAMETER[&quot;Central_Meridian&quot;,-123.0],PARAMETER[&quot;Scale_Factor&quot;,0.9996],PARAMETER[&quot;Latitude_Of_Origin&quot;,0.0],UNIT[&quot;Meter&quot;,1.0],AUTHORITY[&quot;EPSG&quot;,26910]]</WKT><XOrigin>-450359962737.0495</XOrigin><YOrigin>-450359962737.0495</YOrigin><XYScale>10000</XYScale><ZOrigin>0</ZOrigin><ZScale>100000</ZScale><MOrigin>0</MOrigin><MScale>100000</MScale><XYTolerance>0.00020000000000000001</XYTolerance><ZTolerance>2.0000000000000002e-005</ZTolerance><MTolerance>2.0000000000000002e-005</MTolerance><HighPrecision>true</HighPrecision><WKID>26910</WKID><LatestWKID>26910</LatestWKID></SpatialReference><GridSize0>1000</GridSize0></GeometryDef><AliasName>Shape</AliasName><ModelName>Shape</ModelName></Field><Field xsi:type='esri:Field'><Name>OBJECTID</Name><Type>esriFieldTypeOID</Type><IsNullable>false</IsNullable><Length>4</Length><Precision>0</Precision><Scale>0</Scale><Required>true</Required><Editable>false</Editable><AliasName>OBJECTID</AliasName><ModelName>OBJECTID</ModelName></Field><Field xsi:type='esri:Field'><Name>Enabled</Name><Type>esriFieldTypeSmallInteger</Type><IsNullable>true</IsNullable><Length>2</Length><Precision>0</Precision><Scale>0</Scale><AliasName>Enabled</AliasName><ModelName>Enabled</ModelName><DefaultValue xsi:type='xs:double'>1</DefaultValue><Domain xsi:type='esri:CodedValueDomain'><DomainName>EnabledDomain</DomainName><FieldType>esriFieldTypeSmallInteger</FieldType><MergePolicy>esriMPTDefaultValue</MergePolicy><SplitPolicy>esriSPTDefaultValue</SplitPolicy><Description></Description><Owner></Owner><CodedValues xsi:type='esri:ArrayOfCodedValue'><CodedValue xsi:type='esri:CodedValue'><Name>False</Name><Code xsi:type='xs:short'>0</Code></CodedValue><CodedValue xsi:type='esri:CodedValue'><Name>True</Name><Code xsi:type='xs:short'>1</Code></CodedValue></CodedValues></Domain></Field><Field xsi:type='esri:Field'><Name>InstallDate</Name><Type>esriFieldTypeDate</Type><IsNullable>true</IsNullable><Length>8</Length><Precision>0</Precision><Scale>0</Scale><AliasName>InstallDate</AliasName><ModelName>InstallDate</ModelName></Field><Field xsi:type='esri:Field'><Name>LifecycleStatus</Name><Type>esriFieldTypeString</Type><IsNullable>true</IsNullable><Length>20</Length><Precision>0</Precision><Scale>0</Scale><AliasName>LifecycleStatus</AliasName><ModelName>LifecycleStatus</ModelName><DefaultValue xsi:type='xs:string'>Active</DefaultValue><Domain xsi:type='esri:CodedValueDomain'><DomainName>wDomainLifecycleStatus</DomainName><FieldType>esriFieldTypeString</FieldType><MergePolicy>esriMPTDefaultValue</MergePolicy><SplitPolicy>esriSPTDuplicate</SplitPolicy><Description></Description><Owner></Owner><CodedValues xsi:type='esri:ArrayOfCodedValue'><CodedValue xsi:type='esri:CodedValue'><Name>Proposed</Name><Code xsi:type='xs:string'>Proposed</Code></CodedValue><CodedValue xsi:type='esri:CodedValue'><Name>Active</Name><Code xsi:type='xs:string'>Active</Code></CodedValue><CodedValue xsi:type='esri:CodedValue'><Name>Abandoned</Name><Code xsi:type='xs:string'>Abandoned</Code></CodedValue><CodedValue xsi:type='esri:CodedValue'><Name>Removed</Name><Code xsi:type='xs:string'>Removed</Code></CodedValue></CodedValues></Domain></Field><Field xsi:type='esri:Field'><Name>Material</Name><Type>esriFieldTypeString</Type><IsNullable>true</IsNullable><Length>20</Length><Precision>0</Precision><Scale>0</Scale><AliasName>Material</AliasName><ModelName>Material</ModelName><DefaultValue xsi:type='xs:string'>PVC</DefaultValue><Domain xsi:type='esri:CodedValueDomain'><DomainName>wDomainMaterial</DomainName><FieldType>esriFieldTypeString</FieldType><MergePolicy>esriMPTDefaultValue</MergePolicy><SplitPolicy>esriSPTDuplicate</SplitPolicy><Description></Description><Owner></Owner><CodedValues xsi:type='esri:ArrayOfCodedValue'><CodedValue xsi:type='esri:CodedValue'><Name>Ductile Iron</Name><Code xsi:type='xs:string'>DI</Code></CodedValue><CodedValue xsi:type='esri:CodedValue'><Name>Cast Iron</Name><Code xsi:type='xs:string'>CI</Code></CodedValue><CodedValue xsi:type='esri:CodedValue'><Name>Poly Vinyl Chloride</Name><Code xsi:type='xs:string'>PVC</Code></CodedValue><CodedValue xsi:type='esri:CodedValue'><Name>Asbestos Concrete</Name><Code xsi:type='xs:string'>AC</Code></CodedValue><CodedValue xsi:type='esri:CodedValue'><Name>Clay</Name><Code xsi:type='xs:string'>Cl</Code></CodedValue><CodedValue xsi:type='esri:CodedValue'><Name>Wood</Name><Code xsi:type='xs:string'>Wo</Code></CodedValue><CodedValue xsi:type='esri:CodedValue'><Name>Unknown</Name><Code xsi:type='xs:string'>Unk</Code></CodedValue><CodedValue xsi:type='esri:CodedValue'><Name>Other</Name><Code xsi:type='xs:string'>Oth</Code></CodedValue><CodedValue xsi:type='esri:CodedValue'><Name>Concrete</Name><Code xsi:type='xs:string'>C</Code></CodedValue><CodedValue xsi:type='esri:CodedValue'><Name>Copper</Name><Code xsi:type='xs:string'>Cu</Code></CodedValue><CodedValue xsi:type='esri:CodedValue'><Name>Galvinized</Name><Code xsi:type='xs:string'>GA</Code></CodedValue><CodedValue xsi:type='esri:CodedValue'><Name>High Density Polyethelene</Name><Code xsi:type='xs:string'>HDP</Code></CodedValue><CodedValue xsi:type='esri:CodedValue'><Name>Steel</Name><Code xsi:type='xs:string'>St</Code></CodedValue></CodedValues></Domain></Field><Field xsi:type='esri:Field'><Name>Diameter</Name><Type>esriFieldTypeDouble</Type><IsNullable>true</IsNullable><Length>8</Length><Precision>0</Precision><Scale>0</Scale><AliasName>Diameter</AliasName><ModelName>Diameter</ModelName><Domain xsi:type='esri:CodedValueDomain'><DomainName>wDomainMainDiameter</DomainName><FieldType>esriFieldTypeDouble</FieldType><MergePolicy>esriMPTDefaultValue</MergePolicy><SplitPolicy>esriSPTDefaultValue</SplitPolicy><Description></Description><Owner></Owner><CodedValues xsi:type='esri:ArrayOfCodedValue'><CodedValue xsi:type='esri:CodedValue'><Name>20</Name><Code xsi:type='xs:double'>20</Code></CodedValue><CodedValue xsi:type='esri:CodedValue'><Name>25</Name><Code xsi:type='xs:double'>25</Code></CodedValue><CodedValue xsi:type='esri:CodedValue'><Name>30</Name><Code xsi:type='xs:double'>30</Code></CodedValue><CodedValue xsi:type='esri:CodedValue'><Name>40</Name><Code xsi:type='xs:double'>40</Code></CodedValue><CodedValue xsi:type='esri:CodedValue'><Name>50</Name><Code xsi:type='xs:double'>50</Code></CodedValue><CodedValue xsi:type='esri:CodedValue'><Name>65</Name><Code xsi:type='xs:double'>65</Code></CodedValue><CodedValue xsi:type='esri:CodedValue'><Name>75</Name><Code xsi:type='xs:double'>75</Code></CodedValue><CodedValue xsi:type='esri:CodedValue'><Name>100</Name><Code xsi:type='xs:double'>100</Code></CodedValue><CodedValue xsi:type='esri:CodedValue'><Name>150</Name><Code xsi:type='xs:double'>150</Code></CodedValue><CodedValue xsi:type='esri:CodedValue'><Name>200</Name><Code xsi:type='xs:double'>200</Code></CodedValue><CodedValue xsi:type='esri:CodedValue'><Name>250</Name><Code xsi:type='xs:double'>250</Code></CodedValue><CodedValue xsi:type='esri:CodedValue'><Name>300</Name><Code xsi:type='xs:double'>300</Code></CodedValue><CodedValue xsi:type='esri:CodedValue'><Name>350</Name><Code xsi:type='xs:double'>350</Code></CodedValue><CodedValue xsi:type='esri:CodedValue'><Name>400</Name><Code xsi:type='xs:double'>400</Code></CodedValue><CodedValue xsi:type='esri:CodedValue'><Name>500</Name><Code xsi:type='xs:double'>500</Code></CodedValue><CodedValue xsi:type='esri:CodedValue'><Name>550</Name><Code xsi:type='xs:double'>550</Code></CodedValue><CodedValue xsi:type='esri:CodedValue'><Name>600</Name><Code xsi:type='xs:double'>600</Code></CodedValue><CodedValue xsi:type='esri:CodedValue'><Name>675</Name><Code xsi:type='xs:double'>675</Code></CodedValue><CodedValue xsi:type='esri:CodedValue'><Name>700</Name><Code xsi:type='xs:double'>700</Code></CodedValue><CodedValue xsi:type='esri:CodedValue'><Name>750</Name><Code xsi:type='xs:double'>750</Code></CodedValue><CodedValue xsi:type='esri:CodedValue'><Name>775</Name><Code xsi:type='xs:double'>775</Code></CodedValue><CodedValue xsi:type='esri:CodedValue'><Name>800</Name><Code xsi:type='xs:double'>800</Code></CodedValue><CodedValue xsi:type='esri:CodedValue'><Name>850</Name><Code xsi:type='xs:double'>850</Code></CodedValue><CodedValue xsi:type='esri:CodedValue'><Name>900</Name><Code xsi:type='xs:double'>900</Code></CodedValue><CodedValue xsi:type='esri:CodedValue'><Name>1000</Name><Code xsi:type='xs:double'>1000</Code></CodedValue><CodedValue xsi:type='esri:CodedValue'><Name>1050</Name><Code xsi:type='xs:double'>1050</Code></CodedValue><CodedValue xsi:type='esri:CodedValue'><Name>1200</Name><Code xsi:type='xs:double'>1200</Code></CodedValue><CodedValue xsi:type='esri:CodedValue'><Name>1350</Name><Code xsi:type='xs:double'>1350</Code></CodedValue><CodedValue xsi:type='esri:CodedValue'><Name>1500</Name><Code xsi:type='xs:double'>1500</Code></CodedValue><CodedValue xsi:type='esri:CodedValue'><Name>1800</Name><Code xsi:type='xs:double'>1800</Code></CodedValue><CodedValue xsi:type='esri:CodedValue'><Name>1900</Name><Code xsi:type='xs:double'>1900</Code></CodedValue></CodedValues></Domain></Field><Field xsi:type='esri:Field'><Name>Lining</Name><Type>esriFieldTypeString</Type><IsNullable>true</IsNullable><Length>50</Length><Precision>0</Precision><Scale>0</Scale><ModelName>Lining</ModelName></Field><Field xsi:type='esri:Field'><Name>Type</Name><Type>esriFieldTypeString</Type><IsNullable>true</IsNullable><Length>10</Length><Precision>0</Precision><Scale>0</Scale><ModelName>Type</ModelName><Domain xsi:type='esri:CodedValueDomain'><DomainName>wDomainType</DomainName><FieldType>esriFieldTypeString</FieldType><MergePolicy>esriMPTDefaultValue</MergePolicy><SplitPolicy>esriSPTDefaultValue</SplitPolicy><Description></Description><Owner></Owner><CodedValues xsi:type='esri:ArrayOfCodedValue'><CodedValue xsi:type='esri:CodedValue'><Name>PFPS Mains</Name><Code xsi:type='xs:string'>DFPS</Code></CodedValue><CodedValue xsi:type='esri:CodedValue'><Name>Distribution</Name><Code xsi:type='xs:string'>D</Code></CodedValue><CodedValue xsi:type='esri:CodedValue'><Name>Transmission</Name><Code xsi:type='xs:string'>T</Code></CodedValue></CodedValues></Domain></Field><Field xsi:type='esri:Field'><Name>Shape_Length</Name><Type>esriFieldTypeDouble</Type><IsNullable>true</IsNullable><Length>8</Length><Precision>0</Precision><Scale>0</Scale><Required>true</Required><Editable>false</Editable><ModelName>Shape_Length</ModelName></Field></FieldArray></Fields><Indexes xsi:type='esri:Indexes'><IndexArray xsi:type='esri:ArrayOfIndex'><Index xsi:type='esri:Index'><Name>FDO_OBJECTID</Name><IsUnique>true</IsUnique><IsAscending>true</IsAscending><Fields xsi:type='esri:Fields'><FieldArray xsi:type='esri:ArrayOfField'><Field xsi:type='esri:Field'><Name>OBJECTID</Name><Type>esriFieldTypeOID</Type><IsNullable>false</IsNullable><Length>4</Length><Precision>0</Precision><Scale>0</Scale><Required>true</Required><Editable>false</Editable><AliasName>OBJECTID</AliasName><ModelName>OBJECTID</ModelName></Field></FieldArray></Fields></Index><Index xsi:type='esri:Index'><Name>FDO_Shape</Name><IsUnique>false</IsUnique><IsAscending>true</IsAscending><Fields xsi:type='esri:Fields'><FieldArray xsi:type='esri:ArrayOfField'><Field xsi:type='esri:Field'><Name>Shape</Name><Type>esriFieldTypeGeometry</Type><IsNullable>true</IsNullable><Length>0</Length><Precision>0</Precision><Scale>0</Scale><Required>true</Required><GeometryDef xsi:type='esri:GeometryDef'><AvgNumPoints>0</AvgNumPoints><GeometryType>esriGeometryPolyline</GeometryType><HasM>true</HasM><HasZ>false</HasZ><SpatialReference xsi:type='esri:ProjectedCoordinateSystem'><WKT>PROJCS[&quot;NAD_1983_UTM_Zone_10N&quot;,GEOGCS[&quot;GCS_North_American_1983&quot;,DATUM[&quot;D_North_American_1983&quot;,SPHEROID[&quot;GRS_1980&quot;,6378137.0,298.257222101]],PRIMEM[&quot;Greenwich&quot;,0.0],UNIT[&quot;Degree&quot;,0.0174532925199433]],PROJECTION[&quot;Transverse_Mercator&quot;],PARAMETER[&quot;False_Easting&quot;,500000.0],PARAMETER[&quot;False_Northing&quot;,0.0],PARAMETER[&quot;Central_Meridian&quot;,-123.0],PARAMETER[&quot;Scale_Factor&quot;,0.9996],PARAMETER[&quot;Latitude_Of_Origin&quot;,0.0],UNIT[&quot;Meter&quot;,1.0],AUTHORITY[&quot;EPSG&quot;,26910]]</WKT><XOrigin>-450359962737.0495</XOrigin><YOrigin>-450359962737.0495</YOrigin><XYScale>10000</XYScale><ZOrigin>0</ZOrigin><ZScale>100000</ZScale><MOrigin>0</MOrigin><MScale>100000</MScale><XYTolerance>0.00020000000000000001</XYTolerance><ZTolerance>2.0000000000000002e-005</ZTolerance><MTolerance>2.0000000000000002e-005</MTolerance><HighPrecision>true</HighPrecision><WKID>26910</WKID><LatestWKID>26910</LatestWKID></SpatialReference><GridSize0>1000</GridSize0></GeometryDef><AliasName>Shape</AliasName><ModelName>Shape</ModelName></Field></FieldArray></Fields></Index></IndexArray></Indexes><CLSID>{52353152-891A-11D0-BEC6-00805F7C4268}</CLSID><EXTCLSID></EXTCLSID><RelationshipClassNames xsi:type='esri:Names'></RelationshipClassNames><AliasName>wMain</AliasName><ModelName></ModelName><HasGlobalID>false</HasGlobalID><GlobalIDFieldName></GlobalIDFieldName><RasterFieldName></RasterFieldName><ExtensionProperties xsi:type='esri:PropertySet'><PropertyArray xsi:type='esri:ArrayOfPropertySetProperty'></PropertyArray></ExtensionProperties><ControllerMemberships xsi:type='esri:ArrayOfControllerMembership'></ControllerMemberships><EditorTrackingEnabled>false</EditorTrackingEnabled><CreatorFieldName></CreatorFieldName><CreatedAtFieldName></CreatedAtFieldName><EditorFieldName></EditorFieldName><EditedAtFieldName></EditedAtFieldName><IsTimeInUTC>true</IsTimeInUTC><FeatureType>esriFTSimple</FeatureType><ShapeType>esriGeometryPolyline</ShapeType><ShapeFieldName>Shape</ShapeFieldName><HasM>true</HasM><HasZ>false</HasZ><HasSpatialIndex>true</HasSpatialIndex><AreaFieldName></AreaFieldName><LengthFieldName>Shape_Length</LengthFieldName><Extent xsi:type='esri:EnvelopeN'><XMin>489414.61712646484</XMin><YMin>5457636.1270751953</YMin><XMax>492770.91611523437</XMax><YMax>5460198.5111083984</YMax><MMin>NaN</MMin><MMax>NaN</MMax><SpatialReference xsi:type='esri:ProjectedCoordinateSystem'><WKT>PROJCS[&quot;NAD_1983_UTM_Zone_10N&quot;,GEOGCS[&quot;GCS_North_American_1983&quot;,DATUM[&quot;D_North_American_1983&quot;,SPHEROID[&quot;GRS_1980&quot;,6378137.0,298.257222101]],PRIMEM[&quot;Greenwich&quot;,0.0],UNIT[&quot;Degree&quot;,0.0174532925199433]],PROJECTION[&quot;Transverse_Mercator&quot;],PARAMETER[&quot;False_Easting&quot;,500000.0],PARAMETER[&quot;False_Northing&quot;,0.0],PARAMETER[&quot;Central_Meridian&quot;,-123.0],PARAMETER[&quot;Scale_Factor&quot;,0.9996],PARAMETER[&quot;Latitude_Of_Origin&quot;,0.0],UNIT[&quot;Meter&quot;,1.0],AUTHORITY[&quot;EPSG&quot;,26910]]</WKT><XOrigin>-450359962737.0495</XOrigin><YOrigin>-450359962737.0495</YOrigin><XYScale>10000</XYScale><ZOrigin>0</ZOrigin><ZScale>100000</ZScale><MOrigin>0</MOrigin><MScale>100000</MScale><XYTolerance>0.00020000000000000001</XYTolerance><ZTolerance>2.0000000000000002e-005</ZTolerance><MTolerance>2.0000000000000002e-005</MTolerance><HighPrecision>true</HighPrecision><WKID>26910</WKID><LatestWKID>26910</LatestWKID></SpatialReference></Extent><SpatialReference xsi:type='esri:ProjectedCoordinateSystem'><WKT>PROJCS[&quot;NAD_1983_UTM_Zone_10N&quot;,GEOGCS[&quot;GCS_North_American_1983&quot;,DATUM[&quot;D_North_American_1983&quot;,SPHEROID[&quot;GRS_1980&quot;,6378137.0,298.257222101]],PRIMEM[&quot;Greenwich&quot;,0.0],UNIT[&quot;Degree&quot;,0.0174532925199433]],PROJECTION[&quot;Transverse_Mercator&quot;],PARAMETER[&quot;False_Easting&quot;,500000.0],PARAMETER[&quot;False_Northing&quot;,0.0],PARAMETER[&quot;Central_Meridian&quot;,-123.0],PARAMETER[&quot;Scale_Factor&quot;,0.9996],PARAMETER[&quot;Latitude_Of_Origin&quot;,0.0],UNIT[&quot;Meter&quot;,1.0],AUTHORITY[&quot;EPSG&quot;,26910]]</WKT><XOrigin>-450359962737.0495</XOrigin><YOrigin>-450359962737.0495</YOrigin><XYScale>10000</XYScale><ZOrigin>0</ZOrigin><ZScale>100000</ZScale><MOrigin>0</MOrigin><MScale>100000</MScale><XYTolerance>0.00020000000000000001</XYTolerance><ZTolerance>2.0000000000000002e-005</ZTolerance><MTolerance>2.0000000000000002e-005</MTolerance><HighPrecision>true</HighPrecision><WKID>26910</WKID><LatestWKID>26910</LatestWKID></SpatialReference><ChangeTracked>false</ChangeTracked></DataElement><DataElement xsi:type='esri:DEFeatureClass'><CatalogPath>/FD=Water_Distribution/FC=wControlValve</CatalogPath><Name>wControlValve</Name><MetadataRetrieved>true</MetadataRetrieved><Metadata xsi:type='esri:XmlPropertySet'><XmlDoc>&lt;metadata xml:lang=&quot;en&quot;&gt;&lt;Esri&gt;&lt;CreaDate&gt;20140514&lt;/CreaDate&gt;&lt;CreaTime&gt;17020600&lt;/CreaTime&gt;&lt;ArcGISFormat&gt;1.0&lt;/ArcGISFormat&gt;&lt;SyncOnce&gt;TRUE&lt;/SyncOnce&gt;&lt;/Esri&gt;&lt;/metadata&gt;
</XmlDoc></Metadata><DatasetType>esriDTFeatureClass</DatasetType><DSID>26</DSID><Versioned>false</Versioned><CanVersion>false</CanVersion><ConfigurationKeyword></ConfigurationKeyword><HasOID>true</HasOID><OIDFieldName>OBJECTID</OIDFieldName><Fields xsi:type='esri:Fields'><FieldArray xsi:type='esri:ArrayOfField'><Field xsi:type='esri:Field'><Name>OBJECTID</Name><Type>esriFieldTypeOID</Type><IsNullable>false</IsNullable><Length>4</Length><Precision>0</Precision><Scale>0</Scale><Required>true</Required><Editable>false</Editable><AliasName>OBJECTID</AliasName><ModelName>OBJECTID</ModelName></Field><Field xsi:type='esri:Field'><Name>Shape</Name><Type>esriFieldTypeGeometry</Type><IsNullable>true</IsNullable><Length>0</Length><Precision>0</Precision><Scale>0</Scale><Required>true</Required><GeometryDef xsi:type='esri:GeometryDef'><AvgNumPoints>0</AvgNumPoints><GeometryType>esriGeometryPoint</GeometryType><HasM>false</HasM><HasZ>false</HasZ><SpatialReference xsi:type='esri:ProjectedCoordinateSystem'><WKT>PROJCS[&quot;NAD_1983_UTM_Zone_10N&quot;,GEOGCS[&quot;GCS_North_American_1983&quot;,DATUM[&quot;D_North_American_1983&quot;,SPHEROID[&quot;GRS_1980&quot;,6378137.0,298.257222101]],PRIMEM[&quot;Greenwich&quot;,0.0],UNIT[&quot;Degree&quot;,0.0174532925199433]],PROJECTION[&quot;Transverse_Mercator&quot;],PARAMETER[&quot;False_Easting&quot;,500000.0],PARAMETER[&quot;False_Northing&quot;,0.0],PARAMETER[&quot;Central_Meridian&quot;,-123.0],PARAMETER[&quot;Scale_Factor&quot;,0.9996],PARAMETER[&quot;Latitude_Of_Origin&quot;,0.0],UNIT[&quot;Meter&quot;,1.0],AUTHORITY[&quot;EPSG&quot;,26910]]</WKT><XOrigin>-450359962737.0495</XOrigin><YOrigin>-450359962737.0495</YOrigin><XYScale>10000</XYScale><ZOrigin>0</ZOrigin><ZScale>100000</ZScale><MOrigin>0</MOrigin><MScale>100000</MScale><XYTolerance>0.00020000000000000001</XYTolerance><ZTolerance>2.0000000000000002e-005</ZTolerance><MTolerance>2.0000000000000002e-005</MTolerance><HighPrecision>true</HighPrecision><WKID>26910</WKID><LatestWKID>26910</LatestWKID></SpatialReference><GridSize0>1000</GridSize0></GeometryDef><AliasName>Shape</AliasName><ModelName>Shape</ModelName></Field><Field xsi:type='esri:Field'><Name>AncillaryRole</Name><Type>esriFieldTypeSmallInteger</Type><IsNullable>true</IsNullable><Length>2</Length><Precision>0</Precision><Scale>0</Scale><AliasName>AncillaryRole</AliasName><ModelName>AncillaryRole</ModelName></Field><Field xsi:type='esri:Field'><Name>Enabled</Name><Type>esriFieldTypeSmallInteger</Type><IsNullable>true</IsNullable><Length>2</Length><Precision>0</Precision><Scale>0</Scale><AliasName>Enabled</AliasName><ModelName>Enabled</ModelName><DefaultValue xsi:type='xs:double'>1</DefaultValue><Domain xsi:type='esri:CodedValueDomain'><DomainName>EnabledDomain</DomainName><FieldType>esriFieldTypeSmallInteger</FieldType><MergePolicy>esriMPTDefaultValue</MergePolicy><SplitPolicy>esriSPTDefaultValue</SplitPolicy><Description></Description><Owner></Owner><CodedValues xsi:type='esri:ArrayOfCodedValue'><CodedValue xsi:type='esri:CodedValue'><Name>False</Name><Code xsi:type='xs:short'>0</Code></CodedValue><CodedValue xsi:type='esri:CodedValue'><Name>True</Name><Code xsi:type='xs:short'>1</Code></CodedValue></CodedValues></Domain></Field><Field xsi:type='esri:Field'><Name>FacilityID</Name><Type>esriFieldTypeString</Type><IsNullable>true</IsNullable><Length>20</Length><Precision>0</Precision><Scale>0</Scale><AliasName>FacilityID</AliasName><ModelName>FacilityID</ModelName></Field><Field xsi:type='esri:Field'><Name>InstallDate</Name><Type>esriFieldTypeDate</Type><IsNullable>true</IsNullable><Length>8</Length><Precision>0</Precision><Scale>0</Scale><AliasName>InstallDate</AliasName><ModelName>InstallDate</ModelName></Field><Field xsi:type='esri:Field'><Name>LocationDescription</Name><Type>esriFieldTypeString</Type><IsNullable>true</IsNullable><Length>200</Length><Precision>0</Precision><Scale>0</Scale><AliasName>LocationDescription</AliasName><ModelName>LocationDescription</ModelName></Field><Field xsi:type='esri:Field'><Name>Rotation</Name><Type>esriFieldTypeDouble</Type><IsNullable>true</IsNullable><Length>8</Length><Precision>0</Precision><Scale>0</Scale><AliasName>Rotation</AliasName><ModelName>Rotation</ModelName></Field><Field xsi:type='esri:Field'><Name>LifecycleStatus</Name><Type>esriFieldTypeString</Type><IsNullable>true</IsNullable><Length>20</Length><Precision>0</Precision><Scale>0</Scale><AliasName>LifecycleStatus</AliasName><ModelName>LifecycleStatus</ModelName><DefaultValue xsi:type='xs:string'>Active</DefaultValue><Domain xsi:type='esri:CodedValueDomain'><DomainName>wDomainLifecycleStatus</DomainName><FieldType>esriFieldTypeString</FieldType><MergePolicy>esriMPTDefaultValue</MergePolicy><SplitPolicy>esriSPTDuplicate</SplitPolicy><Description></Description><Owner></Owner><CodedValues xsi:type='esri:ArrayOfCodedValue'><CodedValue xsi:type='esri:CodedValue'><Name>Proposed</Name><Code xsi:type='xs:string'>Proposed</Code></CodedValue><CodedValue xsi:type='esri:CodedValue'><Name>Active</Name><Code xsi:type='xs:string'>Active</Code></CodedValue><CodedValue xsi:type='esri:CodedValue'><Name>Abandoned</Name><Code xsi:type='xs:string'>Abandoned</Code></CodedValue><CodedValue xsi:type='esri:CodedValue'><Name>Removed</Name><Code xsi:type='xs:string'>Removed</Code></CodedValue></CodedValues></Domain></Field><Field xsi:type='esri:Field'><Name>Diameter</Name><Type>esriFieldTypeDouble</Type><IsNullable>true</IsNullable><Length>8</Length><Precision>0</Precision><Scale>0</Scale><AliasName>Diameter</AliasName><ModelName>Diameter</ModelName><Domain xsi:type='esri:CodedValueDomain'><DomainName>wDomainMainDiameter</DomainName><FieldType>esriFieldTypeDouble</FieldType><MergePolicy>esriMPTDefaultValue</MergePolicy><SplitPolicy>esriSPTDefaultValue</SplitPolicy><Description></Description><Owner></Owner><CodedValues xsi:type='esri:ArrayOfCodedValue'><CodedValue xsi:type='esri:CodedValue'><Name>20</Name><Code xsi:type='xs:double'>20</Code></CodedValue><CodedValue xsi:type='esri:CodedValue'><Name>25</Name><Code xsi:type='xs:double'>25</Code></CodedValue><CodedValue xsi:type='esri:CodedValue'><Name>30</Name><Code xsi:type='xs:double'>30</Code></CodedValue><CodedValue xsi:type='esri:CodedValue'><Name>40</Name><Code xsi:type='xs:double'>40</Code></CodedValue><CodedValue xsi:type='esri:CodedValue'><Name>50</Name><Code xsi:type='xs:double'>50</Code></CodedValue><CodedValue xsi:type='esri:CodedValue'><Name>65</Name><Code xsi:type='xs:double'>65</Code></CodedValue><CodedValue xsi:type='esri:CodedValue'><Name>75</Name><Code xsi:type='xs:double'>75</Code></CodedValue><CodedValue xsi:type='esri:CodedValue'><Name>100</Name><Code xsi:type='xs:double'>100</Code></CodedValue><CodedValue xsi:type='esri:CodedValue'><Name>150</Name><Code xsi:type='xs:double'>150</Code></CodedValue><CodedValue xsi:type='esri:CodedValue'><Name>200</Name><Code xsi:type='xs:double'>200</Code></CodedValue><CodedValue xsi:type='esri:CodedValue'><Name>250</Name><Code xsi:type='xs:double'>250</Code></CodedValue><CodedValue xsi:type='esri:CodedValue'><Name>300</Name><Code xsi:type='xs:double'>300</Code></CodedValue><CodedValue xsi:type='esri:CodedValue'><Name>350</Name><Code xsi:type='xs:double'>350</Code></CodedValue><CodedValue xsi:type='esri:CodedValue'><Name>400</Name><Code xsi:type='xs:double'>400</Code></CodedValue><CodedValue xsi:type='esri:CodedValue'><Name>500</Name><Code xsi:type='xs:double'>500</Code></CodedValue><CodedValue xsi:type='esri:CodedValue'><Name>550</Name><Code xsi:type='xs:double'>550</Code></CodedValue><CodedValue xsi:type='esri:CodedValue'><Name>600</Name><Code xsi:type='xs:double'>600</Code></CodedValue><CodedValue xsi:type='esri:CodedValue'><Name>675</Name><Code xsi:type='xs:double'>675</Code></CodedValue><CodedValue xsi:type='esri:CodedValue'><Name>700</Name><Code xsi:type='xs:double'>700</Code></CodedValue><CodedValue xsi:type='esri:CodedValue'><Name>750</Name><Code xsi:type='xs:double'>750</Code></CodedValue><CodedValue xsi:type='esri:CodedValue'><Name>775</Name><Code xsi:type='xs:double'>775</Code></CodedValue><CodedValue xsi:type='esri:CodedValue'><Name>800</Name><Code xsi:type='xs:double'>800</Code></CodedValue><CodedValue xsi:type='esri:CodedValue'><Name>850</Name><Code xsi:type='xs:double'>850</Code></CodedValue><CodedValue xsi:type='esri:CodedValue'><Name>900</Name><Code xsi:type='xs:double'>900</Code></CodedValue><CodedValue xsi:type='esri:CodedValue'><Name>1000</Name><Code xsi:type='xs:double'>1000</Code></CodedValue><CodedValue xsi:type='esri:CodedValue'><Name>1050</Name><Code xsi:type='xs:double'>1050</Code></CodedValue><CodedValue xsi:type='esri:CodedValue'><Name>1200</Name><Code xsi:type='xs:double'>1200</Code></CodedValue><CodedValue xsi:type='esri:CodedValue'><Name>1350</Name><Code xsi:type='xs:double'>1350</Code></CodedValue><CodedValue xsi:type='esri:CodedValue'><Name>1500</Name><Code xsi:type='xs:double'>1500</Code></CodedValue><CodedValue xsi:type='esri:CodedValue'><Name>1800</Name><Code xsi:type='xs:double'>1800</Code></CodedValue><CodedValue xsi:type='esri:CodedValue'><Name>1900</Name><Code xsi:type='xs:double'>1900</Code></CodedValue></CodedValues></Domain></Field><Field xsi:type='esri:Field'><Name>Subtype</Name><Type>esriFieldTypeInteger</Type><IsNullable>true</IsNullable><Length>4</Length><Precision>0</Precision><Scale>0</Scale><AliasName>Subtype</AliasName><ModelName>Subtype</ModelName><DefaultValue xsi:type='xs:double'>1</DefaultValue></Field></FieldArray></Fields><Indexes xsi:type='esri:Indexes'><IndexArray xsi:type='esri:ArrayOfIndex'><Index xsi:type='esri:Index'><Name>FDO_OBJECTID</Name><IsUnique>true</IsUnique><IsAscending>true</IsAscending><Fields xsi:type='esri:Fields'><FieldArray xsi:type='esri:ArrayOfField'><Field xsi:type='esri:Field'><Name>OBJECTID</Name><Type>esriFieldTypeOID</Type><IsNullable>false</IsNullable><Length>4</Length><Precision>0</Precision><Scale>0</Scale><Required>true</Required><Editable>false</Editable><AliasName>OBJECTID</AliasName><ModelName>OBJECTID</ModelName></Field></FieldArray></Fields></Index><Index xsi:type='esri:Index'><Name>FDO_Shape</Name><IsUnique>false</IsUnique><IsAscending>true</IsAscending><Fields xsi:type='esri:Fields'><FieldArray xsi:type='esri:ArrayOfField'><Field xsi:type='esri:Field'><Name>Shape</Name><Type>esriFieldTypeGeometry</Type><IsNullable>true</IsNullable><Length>0</Length><Precision>0</Precision><Scale>0</Scale><Required>true</Required><GeometryDef xsi:type='esri:GeometryDef'><AvgNumPoints>0</AvgNumPoints><GeometryType>esriGeometryPoint</GeometryType><HasM>false</HasM><HasZ>false</HasZ><SpatialReference xsi:type='esri:ProjectedCoordinateSystem'><WKT>PROJCS[&quot;NAD_1983_UTM_Zone_10N&quot;,GEOGCS[&quot;GCS_North_American_1983&quot;,DATUM[&quot;D_North_American_1983&quot;,SPHEROID[&quot;GRS_1980&quot;,6378137.0,298.257222101]],PRIMEM[&quot;Greenwich&quot;,0.0],UNIT[&quot;Degree&quot;,0.0174532925199433]],PROJECTION[&quot;Transverse_Mercator&quot;],PARAMETER[&quot;False_Easting&quot;,500000.0],PARAMETER[&quot;False_Northing&quot;,0.0],PARAMETER[&quot;Central_Meridian&quot;,-123.0],PARAMETER[&quot;Scale_Factor&quot;,0.9996],PARAMETER[&quot;Latitude_Of_Origin&quot;,0.0],UNIT[&quot;Meter&quot;,1.0],AUTHORITY[&quot;EPSG&quot;,26910]]</WKT><XOrigin>-450359962737.0495</XOrigin><YOrigin>-450359962737.0495</YOrigin><XYScale>10000</XYScale><ZOrigin>0</ZOrigin><ZScale>100000</ZScale><MOrigin>0</MOrigin><MScale>100000</MScale><XYTolerance>0.00020000000000000001</XYTolerance><ZTolerance>2.0000000000000002e-005</ZTolerance><MTolerance>2.0000000000000002e-005</MTolerance><HighPrecision>true</HighPrecision><WKID>26910</WKID><LatestWKID>26910</LatestWKID></SpatialReference><GridSize0>1000</GridSize0></GeometryDef><AliasName>Shape</AliasName><ModelName>Shape</ModelName></Field></FieldArray></Fields></Index></IndexArray></Indexes><CLSID>{52353152-891A-11D0-BEC6-00805F7C4268}</CLSID><EXTCLSID></EXTCLSID><RelationshipClassNames xsi:type='esri:Names'></RelationshipClassNames><AliasName>wControlValve</AliasName><ModelName></ModelName><HasGlobalID>false</HasGlobalID><GlobalIDFieldName></GlobalIDFieldName><RasterFieldName></RasterFieldName><ExtensionProperties xsi:type='esri:PropertySet'><PropertyArray xsi:type='esri:ArrayOfPropertySetProperty'></PropertyArray></ExtensionProperties><SubtypeFieldName>Subtype</SubtypeFieldName><DefaultSubtypeCode>1</DefaultSubtypeCode><Subtypes xsi:type='esri:ArrayOfSubtype'><Subtype xsi:type='esri:Subtype'><SubtypeName>Vacuum</SubtypeName><SubtypeCode>13</SubtypeCode><FieldInfos xsi:type='esri:ArrayOfSubtypeFieldInfo'><SubtypeFieldInfo xsi:type='esri:SubtypeFieldInfo'><FieldName>Enabled</FieldName><DomainName>EnabledDomain</DomainName><DefaultValue xsi:type='xs:short'>1</DefaultValue></SubtypeFieldInfo><SubtypeFieldInfo xsi:type='esri:SubtypeFieldInfo'><FieldName>LifecycleStatus</FieldName><DomainName>wDomainLifecycleStatus</DomainName><DefaultValue xsi:type='xs:string'>Active</DefaultValue></SubtypeFieldInfo><SubtypeFieldInfo xsi:type='esri:SubtypeFieldInfo'><FieldName>Diameter</FieldName><DomainName>wDomainMainDiameter</DomainName><DefaultValue xsi:type='xs:double'>10</DefaultValue></SubtypeFieldInfo><SubtypeFieldInfo xsi:type='esri:SubtypeFieldInfo'><FieldName>Subtype</FieldName><DefaultValue xsi:type='xs:int'>13</DefaultValue></SubtypeFieldInfo></FieldInfos></Subtype><Subtype xsi:type='esri:Subtype'><SubtypeName>CVCombination</SubtypeName><SubtypeCode>7</SubtypeCode><FieldInfos xsi:type='esri:ArrayOfSubtypeFieldInfo'><SubtypeFieldInfo xsi:type='esri:SubtypeFieldInfo'><FieldName>Enabled</FieldName><DomainName>EnabledDomain</DomainName><DefaultValue xsi:type='xs:short'>1</DefaultValue></SubtypeFieldInfo><SubtypeFieldInfo xsi:type='esri:SubtypeFieldInfo'><FieldName>LifecycleStatus</FieldName><DomainName>wDomainLifecycleStatus</DomainName><DefaultValue xsi:type='xs:string'>Active</DefaultValue></SubtypeFieldInfo><SubtypeFieldInfo xsi:type='esri:SubtypeFieldInfo'><FieldName>Diameter</FieldName><DomainName>wDomainMainDiameter</DomainName><DefaultValue xsi:type='xs:double'>10</DefaultValue></SubtypeFieldInfo><SubtypeFieldInfo xsi:type='esri:SubtypeFieldInfo'><FieldName>Subtype</FieldName><DefaultValue xsi:type='xs:int'>7</DefaultValue></SubtypeFieldInfo></FieldInfos></Subtype><Subtype xsi:type='esri:Subtype'><SubtypeName>VacuumBreaker</SubtypeName><SubtypeCode>14</SubtypeCode><FieldInfos xsi:type='esri:ArrayOfSubtypeFieldInfo'><SubtypeFieldInfo xsi:type='esri:SubtypeFieldInfo'><FieldName>Enabled</FieldName><DomainName>EnabledDomain</DomainName><DefaultValue xsi:type='xs:short'>1</DefaultValue></SubtypeFieldInfo><SubtypeFieldInfo xsi:type='esri:SubtypeFieldInfo'><FieldName>LifecycleStatus</FieldName><DomainName>wDomainLifecycleStatus</DomainName><DefaultValue xsi:type='xs:string'>Active</DefaultValue></SubtypeFieldInfo><SubtypeFieldInfo xsi:type='esri:SubtypeFieldInfo'><FieldName>Diameter</FieldName><DomainName>wDomainMainDiameter</DomainName><DefaultValue xsi:type='xs:double'>10</DefaultValue></SubtypeFieldInfo><SubtypeFieldInfo xsi:type='esri:SubtypeFieldInfo'><FieldName>Subtype</FieldName><DefaultValue xsi:type='xs:int'>14</DefaultValue></SubtypeFieldInfo></FieldInfos></Subtype><Subtype xsi:type='esri:Subtype'><SubtypeName>AtmosphericVacuum</SubtypeName><SubtypeCode>4</SubtypeCode><FieldInfos xsi:type='esri:ArrayOfSubtypeFieldInfo'><SubtypeFieldInfo xsi:type='esri:SubtypeFieldInfo'><FieldName>Enabled</FieldName><DomainName>EnabledDomain</DomainName><DefaultValue xsi:type='xs:short'>1</DefaultValue></SubtypeFieldInfo><SubtypeFieldInfo xsi:type='esri:SubtypeFieldInfo'><FieldName>LifecycleStatus</FieldName><DomainName>wDomainLifecycleStatus</DomainName><DefaultValue xsi:type='xs:string'>Active</DefaultValue></SubtypeFieldInfo><SubtypeFieldInfo xsi:type='esri:SubtypeFieldInfo'><FieldName>Diameter</FieldName><DomainName>wDomainMainDiameter</DomainName><DefaultValue xsi:type='xs:double'>10</DefaultValue></SubtypeFieldInfo><SubtypeFieldInfo xsi:type='esri:SubtypeFieldInfo'><FieldName>Subtype</FieldName><DefaultValue xsi:type='xs:int'>4</DefaultValue></SubtypeFieldInfo></FieldInfos></Subtype><Subtype xsi:type='esri:Subtype'><SubtypeName>BackflowControl</SubtypeName><SubtypeCode>6</SubtypeCode><FieldInfos xsi:type='esri:ArrayOfSubtypeFieldInfo'><SubtypeFieldInfo xsi:type='esri:SubtypeFieldInfo'><FieldName>Enabled</FieldName><DomainName>EnabledDomain</DomainName><DefaultValue xsi:type='xs:short'>1</DefaultValue></SubtypeFieldInfo><SubtypeFieldInfo xsi:type='esri:SubtypeFieldInfo'><FieldName>LifecycleStatus</FieldName><DomainName>wDomainLifecycleStatus</DomainName><DefaultValue xsi:type='xs:string'>Active</DefaultValue></SubtypeFieldInfo><SubtypeFieldInfo xsi:type='esri:SubtypeFieldInfo'><FieldName>Diameter</FieldName><DomainName>wDomainMainDiameter</DomainName><DefaultValue xsi:type='xs:double'>10</DefaultValue></SubtypeFieldInfo><SubtypeFieldInfo xsi:type='esri:SubtypeFieldInfo'><FieldName>Subtype</FieldName><DefaultValue xsi:type='xs:int'>6</DefaultValue></SubtypeFieldInfo></FieldInfos></Subtype><Subtype xsi:type='esri:Subtype'><SubtypeName>ReducedPressureBackflow</SubtypeName><SubtypeCode>10</SubtypeCode><FieldInfos xsi:type='esri:ArrayOfSubtypeFieldInfo'><SubtypeFieldInfo xsi:type='esri:SubtypeFieldInfo'><FieldName>Enabled</FieldName><DomainName>EnabledDomain</DomainName><DefaultValue xsi:type='xs:short'>1</DefaultValue></SubtypeFieldInfo><SubtypeFieldInfo xsi:type='esri:SubtypeFieldInfo'><FieldName>LifecycleStatus</FieldName><DomainName>wDomainLifecycleStatus</DomainName><DefaultValue xsi:type='xs:string'>Active</DefaultValue></SubtypeFieldInfo><SubtypeFieldInfo xsi:type='esri:SubtypeFieldInfo'><FieldName>Diameter</FieldName><DomainName>wDomainMainDiameter</DomainName><DefaultValue xsi:type='xs:double'>10</DefaultValue></SubtypeFieldInfo><SubtypeFieldInfo xsi:type='esri:SubtypeFieldInfo'><FieldName>Subtype</FieldName><DefaultValue xsi:type='xs:int'>10</DefaultValue></SubtypeFieldInfo></FieldInfos></Subtype><Subtype xsi:type='esri:Subtype'><SubtypeName>VacuumRelease</SubtypeName><SubtypeCode>15</SubtypeCode><FieldInfos xsi:type='esri:ArrayOfSubtypeFieldInfo'><SubtypeFieldInfo xsi:type='esri:SubtypeFieldInfo'><FieldName>Enabled</FieldName><DomainName>EnabledDomain</DomainName><DefaultValue xsi:type='xs:short'>1</DefaultValue></SubtypeFieldInfo><SubtypeFieldInfo xsi:type='esri:SubtypeFieldInfo'><FieldName>LifecycleStatus</FieldName><DomainName>wDomainLifecycleStatus</DomainName><DefaultValue xsi:type='xs:string'>Active</DefaultValue></SubtypeFieldInfo><SubtypeFieldInfo xsi:type='esri:SubtypeFieldInfo'><FieldName>Diameter</FieldName><DomainName>wDomainMainDiameter</DomainName><DefaultValue xsi:type='xs:double'>10</DefaultValue></SubtypeFieldInfo><SubtypeFieldInfo xsi:type='esri:SubtypeFieldInfo'><FieldName>Subtype</FieldName><DefaultValue xsi:type='xs:int'>15</DefaultValue></SubtypeFieldInfo></FieldInfos></Subtype><Subtype xsi:type='esri:Subtype'><SubtypeName>Altitude</SubtypeName><SubtypeCode>5</SubtypeCode><FieldInfos xsi:type='esri:ArrayOfSubtypeFieldInfo'><SubtypeFieldInfo xsi:type='esri:SubtypeFieldInfo'><FieldName>Enabled</FieldName><DomainName>EnabledDomain</DomainName><DefaultValue xsi:type='xs:short'>1</DefaultValue></SubtypeFieldInfo><SubtypeFieldInfo xsi:type='esri:SubtypeFieldInfo'><FieldName>LifecycleStatus</FieldName><DomainName>wDomainLifecycleStatus</DomainName><DefaultValue xsi:type='xs:string'>Active</DefaultValue></SubtypeFieldInfo><SubtypeFieldInfo xsi:type='esri:SubtypeFieldInfo'><FieldName>Diameter</FieldName><DomainName>wDomainMainDiameter</DomainName><DefaultValue xsi:type='xs:double'>10</DefaultValue></SubtypeFieldInfo><SubtypeFieldInfo xsi:type='esri:SubtypeFieldInfo'><FieldName>Subtype</FieldName><DefaultValue xsi:type='xs:int'>5</DefaultValue></SubtypeFieldInfo></FieldInfos></Subtype><Subtype xsi:type='esri:Subtype'><SubtypeName>AirGap</SubtypeName><SubtypeCode>1</SubtypeCode><FieldInfos xsi:type='esri:ArrayOfSubtypeFieldInfo'><SubtypeFieldInfo xsi:type='esri:SubtypeFieldInfo'><FieldName>Enabled</FieldName><DomainName>EnabledDomain</DomainName><DefaultValue xsi:type='xs:short'>1</DefaultValue></SubtypeFieldInfo><SubtypeFieldInfo xsi:type='esri:SubtypeFieldInfo'><FieldName>LifecycleStatus</FieldName><DomainName>wDomainLifecycleStatus</DomainName><DefaultValue xsi:type='xs:string'>Active</DefaultValue></SubtypeFieldInfo><SubtypeFieldInfo xsi:type='esri:SubtypeFieldInfo'><FieldName>Diameter</FieldName><DomainName>wDomainMainDiameter</DomainName><DefaultValue xsi:type='xs:double'>10</DefaultValue></SubtypeFieldInfo><SubtypeFieldInfo xsi:type='esri:SubtypeFieldInfo'><FieldName>Subtype</FieldName><DefaultValue xsi:type='xs:int'>1</DefaultValue></SubtypeFieldInfo></FieldInfos></Subtype><Subtype xsi:type='esri:Subtype'><SubtypeName>DoubleCheck</SubtypeName><SubtypeCode>8</SubtypeCode><FieldInfos xsi:type='esri:ArrayOfSubtypeFieldInfo'><SubtypeFieldInfo xsi:type='esri:SubtypeFieldInfo'><FieldName>Enabled</FieldName><DomainName>EnabledDomain</DomainName><DefaultValue xsi:type='xs:short'>1</DefaultValue></SubtypeFieldInfo><SubtypeFieldInfo xsi:type='esri:SubtypeFieldInfo'><FieldName>LifecycleStatus</FieldName><DomainName>wDomainLifecycleStatus</DomainName><DefaultValue xsi:type='xs:string'>Active</DefaultValue></SubtypeFieldInfo><SubtypeFieldInfo xsi:type='esri:SubtypeFieldInfo'><FieldName>Diameter</FieldName><DomainName>wDomainMainDiameter</DomainName><DefaultValue xsi:type='xs:double'>10</DefaultValue></SubtypeFieldInfo><SubtypeFieldInfo xsi:type='esri:SubtypeFieldInfo'><FieldName>Subtype</FieldName><DefaultValue xsi:type='xs:int'>8</DefaultValue></SubtypeFieldInfo></FieldInfos></Subtype><Subtype xsi:type='esri:Subtype'><SubtypeName>AirControl</SubtypeName><SubtypeCode>2</SubtypeCode><FieldInfos xsi:type='esri:ArrayOfSubtypeFieldInfo'><SubtypeFieldInfo xsi:type='esri:SubtypeFieldInfo'><FieldName>Enabled</FieldName><DomainName>EnabledDomain</DomainName><DefaultValue xsi:type='xs:short'>1</DefaultValue></SubtypeFieldInfo><SubtypeFieldInfo xsi:type='esri:SubtypeFieldInfo'><FieldName>LifecycleStatus</FieldName><DomainName>wDomainLifecycleStatus</DomainName><DefaultValue xsi:type='xs:string'>Active</DefaultValue></SubtypeFieldInfo><SubtypeFieldInfo xsi:type='esri:SubtypeFieldInfo'><FieldName>Diameter</FieldName><DomainName>wDomainMainDiameter</DomainName><DefaultValue xsi:type='xs:double'>10</DefaultValue></SubtypeFieldInfo><SubtypeFieldInfo xsi:type='esri:SubtypeFieldInfo'><FieldName>Subtype</FieldName><DefaultValue xsi:type='xs:int'>2</DefaultValue></SubtypeFieldInfo></FieldInfos></Subtype><Subtype xsi:type='esri:Subtype'><SubtypeName>SimpleCheck</SubtypeName><SubtypeCode>12</SubtypeCode><FieldInfos xsi:type='esri:ArrayOfSubtypeFieldInfo'><SubtypeFieldInfo xsi:type='esri:SubtypeFieldInfo'><FieldName>Enabled</FieldName><DomainName>EnabledDomain</DomainName><DefaultValue xsi:type='xs:short'>1</DefaultValue></SubtypeFieldInfo><SubtypeFieldInfo xsi:type='esri:SubtypeFieldInfo'><FieldName>LifecycleStatus</FieldName><DomainName>wDomainLifecycleStatus</DomainName><DefaultValue xsi:type='xs:string'>Active</DefaultValue></SubtypeFieldInfo><SubtypeFieldInfo xsi:type='esri:SubtypeFieldInfo'><FieldName>Diameter</FieldName><DomainName>wDomainMainDiameter</DomainName><DefaultValue xsi:type='xs:double'>10</DefaultValue></SubtypeFieldInfo><SubtypeFieldInfo xsi:type='esri:SubtypeFieldInfo'><FieldName>Subtype</FieldName><DefaultValue xsi:type='xs:int'>12</DefaultValue></SubtypeFieldInfo></FieldInfos></Subtype><Subtype xsi:type='esri:Subtype'><SubtypeName>RPZ</SubtypeName><SubtypeCode>11</SubtypeCode><FieldInfos xsi:type='esri:ArrayOfSubtypeFieldInfo'><SubtypeFieldInfo xsi:type='esri:SubtypeFieldInfo'><FieldName>Enabled</FieldName><DomainName>EnabledDomain</DomainName><DefaultValue xsi:type='xs:short'>1</DefaultValue></SubtypeFieldInfo><SubtypeFieldInfo xsi:type='esri:SubtypeFieldInfo'><FieldName>LifecycleStatus</FieldName><DomainName>wDomainLifecycleStatus</DomainName><DefaultValue xsi:type='xs:string'>Active</DefaultValue></SubtypeFieldInfo><SubtypeFieldInfo xsi:type='esri:SubtypeFieldInfo'><FieldName>Diameter</FieldName><DomainName>wDomainMainDiameter</DomainName><DefaultValue xsi:type='xs:double'>10</DefaultValue></SubtypeFieldInfo><SubtypeFieldInfo xsi:type='esri:SubtypeFieldInfo'><FieldName>Subtype</FieldName><DefaultValue xsi:type='xs:int'>11</DefaultValue></SubtypeFieldInfo></FieldInfos></Subtype><Subtype xsi:type='esri:Subtype'><SubtypeName>CVAirRelease</SubtypeName><SubtypeCode>3</SubtypeCode><FieldInfos xsi:type='esri:ArrayOfSubtypeFieldInfo'><SubtypeFieldInfo xsi:type='esri:SubtypeFieldInfo'><FieldName>Enabled</FieldName><DomainName>EnabledDomain</DomainName><DefaultValue xsi:type='xs:short'>1</DefaultValue></SubtypeFieldInfo><SubtypeFieldInfo xsi:type='esri:SubtypeFieldInfo'><FieldName>LifecycleStatus</FieldName><DomainName>wDomainLifecycleStatus</DomainName><DefaultValue xsi:type='xs:string'>Active</DefaultValue></SubtypeFieldInfo><SubtypeFieldInfo xsi:type='esri:SubtypeFieldInfo'><FieldName>Diameter</FieldName><DomainName>wDomainMainDiameter</DomainName><DefaultValue xsi:type='xs:double'>10</DefaultValue></SubtypeFieldInfo><SubtypeFieldInfo xsi:type='esri:SubtypeFieldInfo'><FieldName>Subtype</FieldName><DefaultValue xsi:type='xs:int'>3</DefaultValue></SubtypeFieldInfo></FieldInfos></Subtype><Subtype xsi:type='esri:Subtype'><SubtypeName>PressureVacuum</SubtypeName><SubtypeCode>9</SubtypeCode><FieldInfos xsi:type='esri:ArrayOfSubtypeFieldInfo'><SubtypeFieldInfo xsi:type='esri:SubtypeFieldInfo'><FieldName>Enabled</FieldName><DomainName>EnabledDomain</DomainName><DefaultValue xsi:type='xs:short'>1</DefaultValue></SubtypeFieldInfo><SubtypeFieldInfo xsi:type='esri:SubtypeFieldInfo'><FieldName>LifecycleStatus</FieldName><DomainName>wDomainLifecycleStatus</DomainName><DefaultValue xsi:type='xs:string'>Active</DefaultValue></SubtypeFieldInfo><SubtypeFieldInfo xsi:type='esri:SubtypeFieldInfo'><FieldName>Diameter</FieldName><DomainName>wDomainMainDiameter</DomainName><DefaultValue xsi:type='xs:double'>10</DefaultValue></SubtypeFieldInfo><SubtypeFieldInfo xsi:type='esri:SubtypeFieldInfo'><FieldName>Subtype</FieldName><DefaultValue xsi:type='xs:int'>9</DefaultValue></SubtypeFieldInfo></FieldInfos></Subtype></Subtypes><ControllerMemberships xsi:type='esri:ArrayOfControllerMembership'></ControllerMemberships><EditorTrackingEnabled>false</EditorTrackingEnabled><CreatorFieldName></CreatorFieldName><CreatedAtFieldName></CreatedAtFieldName><EditorFieldName></EditorFieldName><EditedAtFieldName></EditedAtFieldName><IsTimeInUTC>true</IsTimeInUTC><FeatureType>esriFTSimple</FeatureType><ShapeType>esriGeometryPoint</ShapeType><ShapeFieldName>Shape</ShapeFieldName><HasM>false</HasM><HasZ>false</HasZ><HasSpatialIndex>true</HasSpatialIndex><AreaFieldName></AreaFieldName><LengthFieldName></LengthFieldName><Extent xsi:type='esri:EnvelopeN'><XMin>489459.25311279297</XMin><YMin>5457650.8850708008</YMin><XMax>492750.06811523437</XMax><YMax>5460198.2111206055</YMax><SpatialReference xsi:type='esri:ProjectedCoordinateSystem'><WKT>PROJCS[&quot;NAD_1983_UTM_Zone_10N&quot;,GEOGCS[&quot;GCS_North_American_1983&quot;,DATUM[&quot;D_North_American_1983&quot;,SPHEROID[&quot;GRS_1980&quot;,6378137.0,298.257222101]],PRIMEM[&quot;Greenwich&quot;,0.0],UNIT[&quot;Degree&quot;,0.0174532925199433]],PROJECTION[&quot;Transverse_Mercator&quot;],PARAMETER[&quot;False_Easting&quot;,500000.0],PARAMETER[&quot;False_Northing&quot;,0.0],PARAMETER[&quot;Central_Meridian&quot;,-123.0],PARAMETER[&quot;Scale_Factor&quot;,0.9996],PARAMETER[&quot;Latitude_Of_Origin&quot;,0.0],UNIT[&quot;Meter&quot;,1.0],AUTHORITY[&quot;EPSG&quot;,26910]]</WKT><XOrigin>-450359962737.0495</XOrigin><YOrigin>-450359962737.0495</YOrigin><XYScale>10000</XYScale><ZOrigin>0</ZOrigin><ZScale>100000</ZScale><MOrigin>0</MOrigin><MScale>100000</MScale><XYTolerance>0.00020000000000000001</XYTolerance><ZTolerance>2.0000000000000002e-005</ZTolerance><MTolerance>2.0000000000000002e-005</MTolerance><HighPrecision>true</HighPrecision><WKID>26910</WKID><LatestWKID>26910</LatestWKID></SpatialReference></Extent><SpatialReference xsi:type='esri:ProjectedCoordinateSystem'><WKT>PROJCS[&quot;NAD_1983_UTM_Zone_10N&quot;,GEOGCS[&quot;GCS_North_American_1983&quot;,DATUM[&quot;D_North_American_1983&quot;,SPHEROID[&quot;GRS_1980&quot;,6378137.0,298.257222101]],PRIMEM[&quot;Greenwich&quot;,0.0],UNIT[&quot;Degree&quot;,0.0174532925199433]],PROJECTION[&quot;Transverse_Mercator&quot;],PARAMETER[&quot;False_Easting&quot;,500000.0],PARAMETER[&quot;False_Northing&quot;,0.0],PARAMETER[&quot;Central_Meridian&quot;,-123.0],PARAMETER[&quot;Scale_Factor&quot;,0.9996],PARAMETER[&quot;Latitude_Of_Origin&quot;,0.0],UNIT[&quot;Meter&quot;,1.0],AUTHORITY[&quot;EPSG&quot;,26910]]</WKT><XOrigin>-450359962737.0495</XOrigin><YOrigin>-450359962737.0495</YOrigin><XYScale>10000</XYScale><ZOrigin>0</ZOrigin><ZScale>100000</ZScale><MOrigin>0</MOrigin><MScale>100000</MScale><XYTolerance>0.00020000000000000001</XYTolerance><ZTolerance>2.0000000000000002e-005</ZTolerance><MTolerance>2.0000000000000002e-005</MTolerance><HighPrecision>true</HighPrecision><WKID>26910</WKID><LatestWKID>26910</LatestWKID></SpatialReference><ChangeTracked>false</ChangeTracked></DataElement><DataElement xsi:type='esri:DEFeatureClass'><CatalogPath>/FD=Water_Distribution/FC=wHydrant</CatalogPath><Name>wHydrant</Name><MetadataRetrieved>true</MetadataRetrieved><Metadata xsi:type='esri:XmlPropertySet'><XmlDoc>&lt;metadata xml:lang=&quot;en&quot;&gt;&lt;Esri&gt;&lt;CreaDate&gt;20140514&lt;/CreaDate&gt;&lt;CreaTime&gt;17020600&lt;/CreaTime&gt;&lt;ArcGISFormat&gt;1.0&lt;/ArcGISFormat&gt;&lt;SyncOnce&gt;TRUE&lt;/SyncOnce&gt;&lt;/Esri&gt;&lt;/metadata&gt;
</XmlDoc></Metadata><DatasetType>esriDTFeatureClass</DatasetType><DSID>28</DSID><Versioned>false</Versioned><CanVersion>false</CanVersion><ConfigurationKeyword></ConfigurationKeyword><HasOID>true</HasOID><OIDFieldName>OBJECTID</OIDFieldName><Fields xsi:type='esri:Fields'><FieldArray xsi:type='esri:ArrayOfField'><Field xsi:type='esri:Field'><Name>Shape</Name><Type>esriFieldTypeGeometry</Type><IsNullable>true</IsNullable><Length>0</Length><Precision>0</Precision><Scale>0</Scale><Required>true</Required><GeometryDef xsi:type='esri:GeometryDef'><AvgNumPoints>0</AvgNumPoints><GeometryType>esriGeometryPoint</GeometryType><HasM>false</HasM><HasZ>false</HasZ><SpatialReference xsi:type='esri:ProjectedCoordinateSystem'><WKT>PROJCS[&quot;NAD_1983_UTM_Zone_10N&quot;,GEOGCS[&quot;GCS_North_American_1983&quot;,DATUM[&quot;D_North_American_1983&quot;,SPHEROID[&quot;GRS_1980&quot;,6378137.0,298.257222101]],PRIMEM[&quot;Greenwich&quot;,0.0],UNIT[&quot;Degree&quot;,0.0174532925199433]],PROJECTION[&quot;Transverse_Mercator&quot;],PARAMETER[&quot;False_Easting&quot;,500000.0],PARAMETER[&quot;False_Northing&quot;,0.0],PARAMETER[&quot;Central_Meridian&quot;,-123.0],PARAMETER[&quot;Scale_Factor&quot;,0.9996],PARAMETER[&quot;Latitude_Of_Origin&quot;,0.0],UNIT[&quot;Meter&quot;,1.0],AUTHORITY[&quot;EPSG&quot;,26910]]</WKT><XOrigin>-450359962737.0495</XOrigin><YOrigin>-450359962737.0495</YOrigin><XYScale>10000</XYScale><ZOrigin>0</ZOrigin><ZScale>100000</ZScale><MOrigin>0</MOrigin><MScale>100000</MScale><XYTolerance>0.00020000000000000001</XYTolerance><ZTolerance>2.0000000000000002e-005</ZTolerance><MTolerance>2.0000000000000002e-005</MTolerance><HighPrecision>true</HighPrecision><WKID>26910</WKID><LatestWKID>26910</LatestWKID></SpatialReference><GridSize0>1000</GridSize0></GeometryDef><AliasName>Shape</AliasName><ModelName>Shape</ModelName></Field><Field xsi:type='esri:Field'><Name>OBJECTID</Name><Type>esriFieldTypeOID</Type><IsNullable>false</IsNullable><Length>4</Length><Precision>0</Precision><Scale>0</Scale><Required>true</Required><Editable>false</Editable><AliasName>OBJECTID</AliasName><ModelName>OBJECTID</ModelName></Field><Field xsi:type='esri:Field'><Name>AncillaryRole</Name><Type>esriFieldTypeSmallInteger</Type><IsNullable>true</IsNullable><Length>2</Length><Precision>0</Precision><Scale>0</Scale><AliasName>AncillaryRole</AliasName><ModelName>AncillaryRole</ModelName></Field><Field xsi:type='esri:Field'><Name>Enabled</Name><Type>esriFieldTypeSmallInteger</Type><IsNullable>true</IsNullable><Length>2</Length><Precision>0</Precision><Scale>0</Scale><AliasName>Enabled</AliasName><ModelName>Enabled</ModelName><DefaultValue xsi:type='xs:double'>1</DefaultValue><Domain xsi:type='esri:CodedValueDomain'><DomainName>EnabledDomain</DomainName><FieldType>esriFieldTypeSmallInteger</FieldType><MergePolicy>esriMPTDefaultValue</MergePolicy><SplitPolicy>esriSPTDefaultValue</SplitPolicy><Description></Description><Owner></Owner><CodedValues xsi:type='esri:ArrayOfCodedValue'><CodedValue xsi:type='esri:CodedValue'><Name>False</Name><Code xsi:type='xs:short'>0</Code></CodedValue><CodedValue xsi:type='esri:CodedValue'><Name>True</Name><Code xsi:type='xs:short'>1</Code></CodedValue></CodedValues></Domain></Field><Field xsi:type='esri:Field'><Name>FacilityID</Name><Type>esriFieldTypeString</Type><IsNullable>true</IsNullable><Length>20</Length><Precision>0</Precision><Scale>0</Scale><AliasName>FacilityID</AliasName><ModelName>FacilityID</ModelName></Field><Field xsi:type='esri:Field'><Name>InstallDate</Name><Type>esriFieldTypeDate</Type><IsNullable>true</IsNullable><Length>8</Length><Precision>0</Precision><Scale>0</Scale><AliasName>InstallDate</AliasName><ModelName>InstallDate</ModelName></Field><Field xsi:type='esri:Field'><Name>LocationDescription</Name><Type>esriFieldTypeString</Type><IsNullable>true</IsNullable><Length>200</Length><Precision>0</Precision><Scale>0</Scale><AliasName>LocationDescription</AliasName><ModelName>LocationDescription</ModelName></Field><Field xsi:type='esri:Field'><Name>Rotation</Name><Type>esriFieldTypeDouble</Type><IsNullable>true</IsNullable><Length>8</Length><Precision>0</Precision><Scale>0</Scale><AliasName>Rotation</AliasName><ModelName>Rotation</ModelName></Field><Field xsi:type='esri:Field'><Name>LifecycleStatus</Name><Type>esriFieldTypeString</Type><IsNullable>true</IsNullable><Length>20</Length><Precision>0</Precision><Scale>0</Scale><AliasName>LifecycleStatus</AliasName><ModelName>LifecycleStatus</ModelName><DefaultValue xsi:type='xs:string'>Active</DefaultValue><Domain xsi:type='esri:CodedValueDomain'><DomainName>wDomainLifecycleStatus</DomainName><FieldType>esriFieldTypeString</FieldType><MergePolicy>esriMPTDefaultValue</MergePolicy><SplitPolicy>esriSPTDuplicate</SplitPolicy><Description></Description><Owner></Owner><CodedValues xsi:type='esri:ArrayOfCodedValue'><CodedValue xsi:type='esri:CodedValue'><Name>Proposed</Name><Code xsi:type='xs:string'>Proposed</Code></CodedValue><CodedValue xsi:type='esri:CodedValue'><Name>Active</Name><Code xsi:type='xs:string'>Active</Code></CodedValue><CodedValue xsi:type='esri:CodedValue'><Name>Abandoned</Name><Code xsi:type='xs:string'>Abandoned</Code></CodedValue><CodedValue xsi:type='esri:CodedValue'><Name>Removed</Name><Code xsi:type='xs:string'>Removed</Code></CodedValue></CodedValues></Domain></Field><Field xsi:type='esri:Field'><Name>Manufacturer</Name><Type>esriFieldTypeString</Type><IsNullable>true</IsNullable><Length>30</Length><Precision>0</Precision><Scale>0</Scale><AliasName>Manufacturer</AliasName><ModelName>Manufacturer</ModelName><Domain xsi:type='esri:CodedValueDomain'><DomainName>wDomainHydrantManufacturer</DomainName><FieldType>esriFieldTypeString</FieldType><MergePolicy>esriMPTDefaultValue</MergePolicy><SplitPolicy>esriSPTDuplicate</SplitPolicy><Description></Description><Owner></Owner><CodedValues xsi:type='esri:ArrayOfCodedValue'><CodedValue xsi:type='esri:CodedValue'><Name>American Darling</Name><Code xsi:type='xs:string'>AMERD</Code></CodedValue><CodedValue xsi:type='esri:CodedValue'><Name>Corey</Name><Code xsi:type='xs:string'>COREY</Code></CodedValue><CodedValue xsi:type='esri:CodedValue'><Name>Clow Corporation</Name><Code xsi:type='xs:string'>CLOW</Code></CodedValue><CodedValue xsi:type='esri:CodedValue'><Name>Dresser</Name><Code xsi:type='xs:string'>DRESSER</Code></CodedValue><CodedValue xsi:type='esri:CodedValue'><Name>Kennedy Valve</Name><Code xsi:type='xs:string'>KENNEDY</Code></CodedValue><CodedValue xsi:type='esri:CodedValue'><Name>M&amp;H Valve</Name><Code xsi:type='xs:string'>MH</Code></CodedValue><CodedValue xsi:type='esri:CodedValue'><Name>M&amp;H Valve / Dresser</Name><Code xsi:type='xs:string'>MHD</Code></CodedValue><CodedValue xsi:type='esri:CodedValue'><Name>Muller Company</Name><Code xsi:type='xs:string'>MULLER</Code></CodedValue><CodedValue xsi:type='esri:CodedValue'><Name>Other</Name><Code xsi:type='xs:string'>OTH</Code></CodedValue><CodedValue xsi:type='esri:CodedValue'><Name>Unknown</Name><Code xsi:type='xs:string'>UNK</Code></CodedValue><CodedValue xsi:type='esri:CodedValue'><Name>US Pipe</Name><Code xsi:type='xs:string'>USPIPE</Code></CodedValue><CodedValue xsi:type='esri:CodedValue'><Name>Wood-Matthews</Name><Code xsi:type='xs:string'>WOOD</Code></CodedValue></CodedValues></Domain></Field></FieldArray></Fields><Indexes xsi:type='esri:Indexes'><IndexArray xsi:type='esri:ArrayOfIndex'><Index xsi:type='esri:Index'><Name>FDO_OBJECTID</Name><IsUnique>true</IsUnique><IsAscending>true</IsAscending><Fields xsi:type='esri:Fields'><FieldArray xsi:type='esri:ArrayOfField'><Field xsi:type='esri:Field'><Name>OBJECTID</Name><Type>esriFieldTypeOID</Type><IsNullable>false</IsNullable><Length>4</Length><Precision>0</Precision><Scale>0</Scale><Required>true</Required><Editable>false</Editable><AliasName>OBJECTID</AliasName><ModelName>OBJECTID</ModelName></Field></FieldArray></Fields></Index><Index xsi:type='esri:Index'><Name>FDO_Shape</Name><IsUnique>false</IsUnique><IsAscending>true</IsAscending><Fields xsi:type='esri:Fields'><FieldArray xsi:type='esri:ArrayOfField'><Field xsi:type='esri:Field'><Name>Shape</Name><Type>esriFieldTypeGeometry</Type><IsNullable>true</IsNullable><Length>0</Length><Precision>0</Precision><Scale>0</Scale><Required>true</Required><GeometryDef xsi:type='esri:GeometryDef'><AvgNumPoints>0</AvgNumPoints><GeometryType>esriGeometryPoint</GeometryType><HasM>false</HasM><HasZ>false</HasZ><SpatialReference xsi:type='esri:ProjectedCoordinateSystem'><WKT>PROJCS[&quot;NAD_1983_UTM_Zone_10N&quot;,GEOGCS[&quot;GCS_North_American_1983&quot;,DATUM[&quot;D_North_American_1983&quot;,SPHEROID[&quot;GRS_1980&quot;,6378137.0,298.257222101]],PRIMEM[&quot;Greenwich&quot;,0.0],UNIT[&quot;Degree&quot;,0.0174532925199433]],PROJECTION[&quot;Transverse_Mercator&quot;],PARAMETER[&quot;False_Easting&quot;,500000.0],PARAMETER[&quot;False_Northing&quot;,0.0],PARAMETER[&quot;Central_Meridian&quot;,-123.0],PARAMETER[&quot;Scale_Factor&quot;,0.9996],PARAMETER[&quot;Latitude_Of_Origin&quot;,0.0],UNIT[&quot;Meter&quot;,1.0],AUTHORITY[&quot;EPSG&quot;,26910]]</WKT><XOrigin>-450359962737.0495</XOrigin><YOrigin>-450359962737.0495</YOrigin><XYScale>10000</XYScale><ZOrigin>0</ZOrigin><ZScale>100000</ZScale><MOrigin>0</MOrigin><MScale>100000</MScale><XYTolerance>0.00020000000000000001</XYTolerance><ZTolerance>2.0000000000000002e-005</ZTolerance><MTolerance>2.0000000000000002e-005</MTolerance><HighPrecision>true</HighPrecision><WKID>26910</WKID><LatestWKID>26910</LatestWKID></SpatialReference><GridSize0>1000</GridSize0></GeometryDef><AliasName>Shape</AliasName><ModelName>Shape</ModelName></Field></FieldArray></Fields></Index></IndexArray></Indexes><CLSID>{52353152-891A-11D0-BEC6-00805F7C4268}</CLSID><EXTCLSID></EXTCLSID><RelationshipClassNames xsi:type='esri:Names'></RelationshipClassNames><AliasName>wHydrant</AliasName><ModelName></ModelName><HasGlobalID>false</HasGlobalID><GlobalIDFieldName></GlobalIDFieldName><RasterFieldName></RasterFieldName><ExtensionProperties xsi:type='esri:PropertySet'><PropertyArray xsi:type='esri:ArrayOfPropertySetProperty'></PropertyArray></ExtensionProperties><ControllerMemberships xsi:type='esri:ArrayOfControllerMembership'></ControllerMemberships><EditorTrackingEnabled>false</EditorTrackingEnabled><CreatorFieldName></CreatorFieldName><CreatedAtFieldName></CreatedAtFieldName><EditorFieldName></EditorFieldName><EditedAtFieldName></EditedAtFieldName><IsTimeInUTC>true</IsTimeInUTC><FeatureType>esriFTSimple</FeatureType><ShapeType>esriGeometryPoint</ShapeType><ShapeFieldName>Shape</ShapeFieldName><HasM>false</HasM><HasZ>false</HasZ><HasSpatialIndex>true</HasSpatialIndex><AreaFieldName></AreaFieldName><LengthFieldName></LengthFieldName><Extent xsi:type='esri:EnvelopeN'><XMin>489448.60308837891</XMin><YMin>5457637.6450805664</YMin><XMax>492751.05407714844</XMax><YMax>5460185.3720703125</YMax><SpatialReference xsi:type='esri:ProjectedCoordinateSystem'><WKT>PROJCS[&quot;NAD_1983_UTM_Zone_10N&quot;,GEOGCS[&quot;GCS_North_American_1983&quot;,DATUM[&quot;D_North_American_1983&quot;,SPHEROID[&quot;GRS_1980&quot;,6378137.0,298.257222101]],PRIMEM[&quot;Greenwich&quot;,0.0],UNIT[&quot;Degree&quot;,0.0174532925199433]],PROJECTION[&quot;Transverse_Mercator&quot;],PARAMETER[&quot;False_Easting&quot;,500000.0],PARAMETER[&quot;False_Northing&quot;,0.0],PARAMETER[&quot;Central_Meridian&quot;,-123.0],PARAMETER[&quot;Scale_Factor&quot;,0.9996],PARAMETER[&quot;Latitude_Of_Origin&quot;,0.0],UNIT[&quot;Meter&quot;,1.0],AUTHORITY[&quot;EPSG&quot;,26910]]</WKT><XOrigin>-450359962737.0495</XOrigin><YOrigin>-450359962737.0495</YOrigin><XYScale>10000</XYScale><ZOrigin>0</ZOrigin><ZScale>100000</ZScale><MOrigin>0</MOrigin><MScale>100000</MScale><XYTolerance>0.00020000000000000001</XYTolerance><ZTolerance>2.0000000000000002e-005</ZTolerance><MTolerance>2.0000000000000002e-005</MTolerance><HighPrecision>true</HighPrecision><WKID>26910</WKID><LatestWKID>26910</LatestWKID></SpatialReference></Extent><SpatialReference xsi:type='esri:ProjectedCoordinateSystem'><WKT>PROJCS[&quot;NAD_1983_UTM_Zone_10N&quot;,GEOGCS[&quot;GCS_North_American_1983&quot;,DATUM[&quot;D_North_American_1983&quot;,SPHEROID[&quot;GRS_1980&quot;,6378137.0,298.257222101]],PRIMEM[&quot;Greenwich&quot;,0.0],UNIT[&quot;Degree&quot;,0.0174532925199433]],PROJECTION[&quot;Transverse_Mercator&quot;],PARAMETER[&quot;False_Easting&quot;,500000.0],PARAMETER[&quot;False_Northing&quot;,0.0],PARAMETER[&quot;Central_Meridian&quot;,-123.0],PARAMETER[&quot;Scale_Factor&quot;,0.9996],PARAMETER[&quot;Latitude_Of_Origin&quot;,0.0],UNIT[&quot;Meter&quot;,1.0],AUTHORITY[&quot;EPSG&quot;,26910]]</WKT><XOrigin>-450359962737.0495</XOrigin><YOrigin>-450359962737.0495</YOrigin><XYScale>10000</XYScale><ZOrigin>0</ZOrigin><ZScale>100000</ZScale><MOrigin>0</MOrigin><MScale>100000</MScale><XYTolerance>0.00020000000000000001</XYTolerance><ZTolerance>2.0000000000000002e-005</ZTolerance><MTolerance>2.0000000000000002e-005</MTolerance><HighPrecision>true</HighPrecision><WKID>26910</WKID><LatestWKID>26910</LatestWKID></SpatialReference><ChangeTracked>false</ChangeTracked></DataElement></Children><DatasetType>esriDTFeatureDataset</DatasetType><DSID>22</DSID><Versioned>false</Versioned><CanVersion>false</CanVersion><ConfigurationKeyword></ConfigurationKeyword><Extent xsi:type='esri:EnvelopeN'><XMin>489414.61712646484</XMin><YMin>5457636.1270751953</YMin><XMax>492770.91611523437</XMax><YMax>5460198.5111083984</YMax><SpatialReference xsi:type='esri:ProjectedCoordinateSystem'><WKT>PROJCS[&quot;NAD_1983_UTM_Zone_10N&quot;,GEOGCS[&quot;GCS_North_American_1983&quot;,DATUM[&quot;D_North_American_1983&quot;,SPHEROID[&quot;GRS_1980&quot;,6378137.0,298.257222101]],PRIMEM[&quot;Greenwich&quot;,0.0],UNIT[&quot;Degree&quot;,0.0174532925199433]],PROJECTION[&quot;Transverse_Mercator&quot;],PARAMETER[&quot;False_Easting&quot;,500000.0],PARAMETER[&quot;False_Northing&quot;,0.0],PARAMETER[&quot;Central_Meridian&quot;,-123.0],PARAMETER[&quot;Scale_Factor&quot;,0.9996],PARAMETER[&quot;Latitude_Of_Origin&quot;,0.0],UNIT[&quot;Meter&quot;,1.0],AUTHORITY[&quot;EPSG&quot;,26910]]</WKT><XOrigin>-450359962737.0495</XOrigin><YOrigin>-450359962737.0495</YOrigin><XYScale>10000</XYScale><ZOrigin>0</ZOrigin><ZScale>100000</ZScale><MOrigin>0</MOrigin><MScale>100000</MScale><XYTolerance>0.00020000000000000001</XYTolerance><ZTolerance>2.0000000000000002e-005</ZTolerance><MTolerance>2.0000000000000002e-005</MTolerance><HighPrecision>true</HighPrecision><WKID>26910</WKID><LatestWKID>26910</LatestWKID></SpatialReference></Extent><SpatialReference xsi:type='esri:ProjectedCoordinateSystem'><WKT>PROJCS[&quot;NAD_1983_UTM_Zone_10N&quot;,GEOGCS[&quot;GCS_North_American_1983&quot;,DATUM[&quot;D_North_American_1983&quot;,SPHEROID[&quot;GRS_1980&quot;,6378137.0,298.257222101]],PRIMEM[&quot;Greenwich&quot;,0.0],UNIT[&quot;Degree&quot;,0.0174532925199433]],PROJECTION[&quot;Transverse_Mercator&quot;],PARAMETER[&quot;False_Easting&quot;,500000.0],PARAMETER[&quot;False_Northing&quot;,0.0],PARAMETER[&quot;Central_Meridian&quot;,-123.0],PARAMETER[&quot;Scale_Factor&quot;,0.9996],PARAMETER[&quot;Latitude_Of_Origin&quot;,0.0],UNIT[&quot;Meter&quot;,1.0],AUTHORITY[&quot;EPSG&quot;,26910]]</WKT><XOrigin>-450359962737.0495</XOrigin><YOrigin>-450359962737.0495</YOrigin><XYScale>10000</XYScale><ZOrigin>0</ZOrigin><ZScale>100000</ZScale><MOrigin>0</MOrigin><MScale>100000</MScale><XYTolerance>0.00020000000000000001</XYTolerance><ZTolerance>2.0000000000000002e-005</ZTolerance><MTolerance>2.0000000000000002e-005</MTolerance><HighPrecision>true</HighPrecision><WKID>26910</WKID><LatestWKID>26910</LatestWKID></SpatialReference><ChangeTracked>false</ChangeTracked></DataElement></DatasetDefinitions><Metadata xsi:type='esri:XmlPropertySet'><XmlDoc>&lt;metadata xml:lang=&quot;en&quot;&gt;&lt;Esri&gt;&lt;CreaDate&gt;20140514&lt;/CreaDate&gt;&lt;CreaTime&gt;17020600&lt;/CreaTime&gt;&lt;ArcGISFormat&gt;1.0&lt;/ArcGISFormat&gt;&lt;SyncOnce&gt;TRUE&lt;/SyncOnce&gt;&lt;/Esri&gt;&lt;/metadata&gt;
</XmlDoc></Metadata></WorkspaceDefinition><WorkspaceData xsi:type='esri:WorkspaceData'></WorkspaceData></esri:Workspace>