timestamp,location_lat,location_long,individual_id,tag_id
2018-02-09 22:00:00.000,49.095599,-122.999533,430731866,430266212
2018-02-10 00:01:00.000,49.093699,-122.997966,430731866,430266212
2018-02-10 02:00:00.000,49.093633,-122.998916,430731866,430266212
2018-02-10 04:00:00.000,49.093533,-122.998733,430731866,430266212
2018-02-10 06:03:00.000,49.093499,-122.998833,430731866,430266212
2018-02-10 08:00:00.000,49.093449,-122.998649,430731866,430266212
2018-02-10 10:00:00.000,49.093483,-122.998599,430731866,430266212
2018-02-10 12:00:00.000,49.093733,-122.998416,430731866,430266212
2018-02-10 16:00:00.000,49.071899,-122.957316,430731866,430266212
2018-02-10 18:00:00.000,49.054883,-122.873116,430731866,430266212
2018-02-10 20:00:00.000,49.013833,-122.7207,430731866,430266212
2018-02-10 22:00:00.000,48.804916,-122.361466,430731866,430266212
2018-02-11 00:00:00.000,48.738299,-122.246116,430731866,430266212
2018-02-11 16:00:00.000,48.680282,-122.1583,430731866,430266212
2018-02-11 18:00:00.000,48.670849,-122.163833,430731866,430266212
2018-02-11 20:00:00.000,48.568232,-121.912783,430731866,430266212
2018-02-11 22:02:00.000,48.228382,-121.148633,430731866,430266212
2018-02-12 00:00:00.000,47.76775,-120.546083,430731866,430266212
2018-02-12 16:00:00.000,47.435566,-120.463983,430731866,430266212
2018-02-12 18:00:00.000,47.437583,-120.463433,430731866,430266212
2018-02-12 20:03:00.000,47.347883,-120.345349,430731866,430266212
2018-02-12 22:00:00.000,46.995333,-120.006383,430731866,430266212
2018-02-13 00:00:00.000,46.705433,-119.758483,430731866,430266212
2018-02-13 16:00:00.000,46.705683,-119.758433,430731866,430266212
2018-02-13 18:02:00.000,46.704616,-119.759066,430731866,430266212
2018-02-13 20:00:00.000,46.704716,-119.7576,430731866,430266212
2018-02-13 22:00:00.000,46.704716,-119.757666,430731866,430266212
2018-02-14 00:00:00.000,46.70545,-119.758666,430731866,430266212
2018-02-14 16:00:00.000,46.705716,-119.76115,430731866,430266212
2018-02-14 18:00:00.000,46.70575,-119.758416,430731866,430266212
2018-02-14 20:00:00.000,46.695816,-119.758483,430731866,430266212
2018-02-14 22:00:00.000,46.6583,-119.70675,430731866,430266212
2018-02-15 00:02:00.000,46.653183,-119.706966,430731866,430266212
2018-02-15 16:00:00.000,46.652333,-119.7007,430731866,430266212
2018-02-15 18:00:00.000,46.653316,-119.706183,430731866,430266212
2018-02-15 20:00:00.000,46.65005,-119.692166,430731866,430266212
2018-02-15 22:02:00.000,46.650366,-119.692199,430731866,430266212
2018-02-16 00:00:00.000,46.650433,-119.692483,430731866,430266212
2018-02-16 16:00:00.000,46.654033,-119.706283,430731866,430266212
2018-02-16 18:00:00.000,46.650333,-119.692666,430731866,430266212
2018-02-16 20:02:00.000,46.65055,-119.695299,430731866,430266212
2018-02-16 22:00:00.000,46.651116,-119.694933,430731866,430266212
2018-02-17 00:00:00.000,46.6506,-119.695333,430731866,430266212
2018-02-17 16:00:00.000,46.650316,-119.691866,430731866,430266212
2018-02-17 18:02:00.000,46.65015,-119.691216,430731866,430266212
2018-02-17 20:00:00.000,46.650283,-119.692699,430731866,430266212
2018-02-17 22:00:00.000,46.383516,-119.259733,430731866,430266212
2018-02-18 00:00:00.000,46.294399,-119.230816,430731866,430266212
2018-02-18 16:00:00.000,46.206183,-119.082299,430731866,430266212
2018-02-18 18:00:00.000,45.988899,-118.986416,430731866,430266212
2018-02-18 20:00:00.000,45.98085,-118.994166,430731866,430266212
2018-02-18 22:00:00.000,45.9806,-118.994233,430731866,430266212
2018-02-19 00:03:00.000,45.980617,-118.994233,430731866,430266212
2018-02-19 16:00:00.000,45.982017,-118.990499,430731866,430266212
2018-02-19 18:00:00.000,45.980683,-118.994299,430731866,430266212
2018-02-19 20:00:00.000,45.978617,-118.994333,430731866,430266212
2018-02-19 22:03:00.000,45.9806,-118.994333,430731866,430266212
2018-02-20 00:00:00.000,45.98065,-118.993983,430731866,430266212
2018-02-20 16:00:00.000,45.980283,-118.993783,430731866,430266212
2018-02-20 18:00:00.000,45.9806,-118.994233,430731866,430266212
2018-02-20 20:02:00.000,45.980483,-118.994216,430731866,430266212
2018-02-20 22:00:00.000,45.980583,-118.994283,430731866,430266212
2018-02-21 00:00:00.000,45.9791,-118.995583,430731866,430266212
2018-02-21 16:00:00.000,45.985699,-118.990333,430731866,430266212
2018-02-21 18:02:00.000,45.987483,-118.990483,430731866,430266212
2018-02-21 20:00:00.000,45.986116,-118.989699,430731866,430266212
2018-02-21 22:00:00.000,45.980683,-118.994399,430731866,430266212
2018-02-22 00:00:00.000,45.98055,-118.994316,430731866,430266212
2018-02-22 16:00:00.000,45.976983,-118.994616,430731866,430266212
2018-02-22 18:00:00.000,45.986116,-118.990066,430731866,430266212
2018-02-22 20:00:00.000,45.993849,-119.0036,430731866,430266212
2018-02-22 22:00:00.000,45.986899,-118.988316,430731866,430266212
2018-02-23 00:03:00.000,45.988683,-118.987366,430731866,430266212
2018-02-23 16:00:00.000,45.9805,-118.994266,430731866,430266212
2018-02-23 18:00:00.000,45.980667,-118.994416,430731866,430266212
2018-02-23 20:00:00.000,45.98075,-118.994149,430731866,430266212
2018-02-23 22:02:00.000,45.980433,-118.994083,430731866,430266212
2018-02-24 00:00:00.000,45.980733,-118.994399,430731866,430266212
2018-02-24 16:00:00.000,45.980583,-118.994299,430731866,430266212
2018-02-24 18:00:00.000,45.985866,-118.990249,430731866,430266212
2018-02-24 20:02:00.000,45.980367,-118.994266,430731866,430266212
2018-02-24 22:00:00.000,45.98085,-118.994066,430731866,430266212
2018-02-25 00:00:00.000,45.981017,-118.994449,430731866,430266212
2018-02-25 16:00:00.000,45.985883,-118.990216,430731866,430266212
2018-02-25 18:03:00.000,45.980633,-118.994166,430731866,430266212
2018-02-25 20:00:00.000,45.980233,-118.993683,430731866,430266212
2018-02-25 22:00:00.000,45.979867,-118.993849,430731866,430266212
2018-02-26 00:00:00.000,45.980567,-118.994166,430731866,430266212
2018-02-26 16:00:00.000,45.985633,-118.989799,430731866,430266212
2018-02-26 20:00:00.000,45.978433,-118.996566,430731866,430266212
2018-02-26 22:00:00.000,45.980783,-118.994183,430731866,430266212
2018-02-27 00:00:00.000,45.9807,-118.994066,430731866,430266212
2018-02-27 16:00:00.000,45.988383,-119.008916,430731866,430266212
2018-02-27 18:00:00.000,45.98065,-118.994133,430731866,430266212
2018-02-27 20:00:00.000,45.980667,-118.994016,430731866,430266212
2018-02-27 22:00:00.000,45.98055,-118.994266,430731866,430266212
2018-02-28 00:03:00.000,45.98055,-118.994166,430731866,430266212
2018-02-28 16:00:00.000,45.986416,-118.987099,430731866,430266212
2018-02-28 18:00:00.000,45.987399,-118.987733,430731866,430266212
2018-02-28 20:00:00.000,45.9805,-118.993949,430731866,430266212
2018-02-28 22:03:00.000,45.980767,-118.994066,430731866,430266212
2018-03-01 00:01:00.000,45.995049,-118.982017,430731866,430266212
2018-03-01 16:00:00.000,45.984349,-118.98035,430731866,430266212
2018-03-01 18:00:00.000,45.97965,-118.994433,430731866,430266212
2018-03-01 20:03:00.000,45.980833,-118.994199,430731866,430266212
2018-03-01 22:00:00.000,45.973533,-119.004,430731866,430266212
2018-03-02 00:01:00.000,45.980567,-118.994299,430731866,430266212
2018-03-02 16:00:00.000,45.97895,-118.994866,430731866,430266212
2018-03-02 18:02:00.000,45.9805,-118.993916,430731866,430266212
2018-03-02 20:00:00.000,45.980483,-118.994233,430731866,430266212
2018-03-02 22:00:00.000,45.980567,-118.993749,430731866,430266212
2018-03-03 00:00:00.000,45.981217,-118.993733,430731866,430266212
2018-03-03 16:00:00.000,45.9733,-119.00435,430731866,430266212
2018-03-03 18:00:00.000,45.980567,-118.994283,430731866,430266212
2018-03-03 20:00:00.000,45.9731,-119.004133,430731866,430266212
2018-03-03 22:00:00.000,45.98055,-118.994349,430731866,430266212
2018-03-04 00:04:00.000,45.980617,-118.994049,430731866,430266212
2018-03-04 16:00:00.000,45.989416,-119.008466,430731866,430266212
2018-03-04 18:00:00.000,45.9806,-118.994316,430731866,430266212
2018-03-04 20:00:00.000,45.98065,-118.994199,430731866,430266212
2018-03-04 22:03:00.000,45.980483,-118.994133,430731866,430266212
2018-03-05 00:00:00.000,45.980833,-118.994183,430731866,430266212
2018-03-05 16:00:00.000,45.974233,-119.00035,430731866,430266212
2018-03-05 18:00:00.000,45.918816,-119.042733,430731866,430266212
2018-03-05 20:03:00.000,46.094383,-119.054716,430731866,430266212
2018-03-05 22:00:00.000,46.50405,-119.553283,430731866,430266212
2018-03-06 00:00:00.000,46.65035,-119.692499,430731866,430266212
2018-03-06 02:00:00.000,46.650216,-119.692499,430731866,430266212
2018-03-06 16:00:00.000,46.65255,-119.702816,430731866,430266212
2018-03-06 18:00:00.000,46.65275,-119.702966,430731866,430266212
2018-03-06 20:00:00.000,46.811166,-120.124299,430731866,430266212
2018-03-06 22:00:00.000,46.9699,-120.314716,430731866,430266212
2018-03-07 00:02:00.000,46.969883,-120.314866,430731866,430266212
2018-03-07 02:00:00.000,46.969933,-120.3149,430731866,430266212
2018-03-07 16:00:00.000,46.970317,-120.316816,430731866,430266212
2018-03-07 18:00:00.000,46.969917,-120.314733,430731866,430266212
2018-03-07 20:02:00.000,46.971933,-120.317282,430731866,430266212
2018-03-07 22:00:00.000,47.01555,-120.395883,430731866,430266212
2018-03-08 00:00:00.000,47.012366,-120.396383,430731866,430266212
2018-03-08 02:00:00.000,47.035716,-120.380432,430731866,430266212
2018-03-08 16:00:00.000,46.97105,-120.317232,430731866,430266212
2018-03-08 18:00:00.000,46.970183,-120.316533,430731866,430266212
2018-03-08 20:00:00.000,46.970617,-120.316416,430731866,430266212
2018-03-08 22:00:00.000,46.97035,-120.316466,430731866,430266212
2018-03-09 00:03:00.000,46.96995,-120.316699,430731866,430266212
2018-03-09 02:00:00.000,47.017532,-120.363966,430731866,430266212
2018-03-09 16:00:00.000,46.970783,-120.316866,430731866,430266212
2018-03-09 18:00:00.000,46.970217,-120.316682,430731866,430266212
2018-03-09 20:02:00.000,46.9702,-120.316533,430731866,430266212
2018-03-09 22:00:00.000,46.966533,-120.318016,430731866,430266212
2018-03-10 00:00:00.000,46.970233,-120.316633,430731866,430266212
2018-03-10 02:00:00.000,46.97015,-120.316616,430731866,430266212
2018-03-10 22:14:00.000,47.523249,-121.243199,430731866,430266212
2018-03-11 00:02:00.000,48.05175,-121.563983,430731866,430266212
2018-03-11 02:00:00.000,48.051566,-121.564333,430731866,430266212
2018-03-11 18:00:00.000,48.043899,-121.577266,430731866,430266212
2018-03-11 20:00:00.000,48.239899,-121.896816,430731866,430266212
2018-03-11 22:01:00.000,48.687999,-122.237833,430731866,430266212
2018-03-12 00:00:00.000,48.916866,-122.224999,430731866,430266212
2018-03-12 02:00:00.000,48.916732,-122.224832,430731866,430266212
2018-03-12 16:00:00.000,48.918682,-122.225816,430731866,430266212
2018-03-12 18:00:00.000,48.918932,-122.225832,430731866,430266212
2018-03-12 21:00:00.000,49.166,-122.343849,430731866,430266212
2018-03-13 00:00:00.000,49.395249,-123.095566,430731866,430266212
2018-03-13 15:00:00.000,49.506466,-123.739099,430731866,430266212
2018-03-13 18:13:00.000,49.509466,-123.749766,430731866,430266212
2018-03-13 21:00:00.000,49.509516,-123.7501,430731866,430266212
2018-03-14 00:00:00.000,49.516782,-123.773433,430731866,430266212
2018-03-14 15:00:00.000,49.518232,-123.798433,430731866,430266212
2018-03-14 18:00:00.000,49.518266,-123.798466,430731866,430266212
2018-03-14 21:00:00.000,49.50845,-123.854083,430731866,430266212
2018-03-15 00:00:00.000,50.225916,-124.931382,430731866,430266212
2018-03-15 15:00:00.000,50.450883,-125.323432,430731866,430266212
2018-03-15 18:01:00.000,50.451066,-125.322749,430731866,430266212
2018-03-15 21:00:00.000,50.718983,-126.1036,430731866,430266212
2018-03-16 00:00:00.000,51.391949,-127.332282,430731866,430266212
2018-03-16 15:00:00.000,51.56,-127.5115,430731866,430266212
2018-03-16 18:01:00.000,51.561383,-127.51535,430731866,430266212
2018-03-16 21:00:00.000,51.604283,-127.580716,430731866,430266212
2018-03-17 00:00:00.000,52.026932,-127.8582,430731866,430266212
2018-03-17 15:00:00.000,52.102516,-127.926016,430731866,430266212
2018-03-17 21:00:00.000,52.140083,-127.90155,430731866,430266212
2018-03-18 00:00:00.000,52.142566,-127.902366,430731866,430266212
2018-03-18 15:00:00.000,52.1529,-127.881799,430731866,430266212
2018-03-18 18:00:00.000,52.1523,-127.885199,430731866,430266212
2018-03-18 21:01:00.000,52.15235,-127.885499,430731866,430266212
2018-03-19 00:00:00.000,52.15895,-127.887383,430731866,430266212
2018-03-19 15:00:00.000,52.160133,-127.886049,430731866,430266212
2018-03-19 18:00:00.000,52.172032,-127.887149,430731866,430266212
2018-03-19 21:08:00.000,52.333549,-128.284266,430731866,430266212
2018-03-20 00:00:00.000,52.333316,-128.325066,430731866,430266212
2018-03-20 15:00:00.000,52.337933,-128.343466,430731866,430266212
2018-03-20 18:00:00.000,52.340566,-128.372566,430731866,430266212
2018-03-20 21:04:00.000,52.441033,-128.415416,430731866,430266212
2018-03-21 00:00:00.000,52.501433,-128.421232,430731866,430266212
2018-03-21 15:00:00.000,52.542783,-128.440266,430731866,430266212
2018-03-21 18:00:00.000,52.540183,-128.499499,430731866,430266212
2018-03-21 21:01:00.000,52.593483,-128.524032,430731866,430266212
2018-03-22 00:01:00.000,52.690816,-128.576599,430731866,430266212
2018-03-22 15:00:00.000,52.702966,-128.576366,430731866,430266212
2018-03-22 18:00:00.000,52.70825,-128.579466,430731866,430266212
2018-03-22 21:07:00.000,52.749733,-128.565016,430731866,430266212
2018-03-23 00:00:00.000,52.964983,-128.523849,430731866,430266212
2018-03-23 15:00:00.000,53.192366,-128.817683,430731866,430266212
2018-03-23 18:00:00.000,53.20475,-128.920982,430731866,430266212
2018-03-23 21:01:00.000,53.508066,-129.8307,430731866,430266212
2018-03-24 00:00:00.000,54.26605,-130.289966,430731866,430266212
2018-03-24 03:00:00.000,54.261583,-130.288283,430731866,430266212
2018-03-24 15:00:00.000,54.266,-130.289816,430731866,430266212
2018-03-24 18:12:00.000,54.267299,-130.290216,430731866,430266212
2018-03-24 21:00:00.000,54.26625,-130.288349,430731866,430266212
2018-03-25 00:00:00.000,54.438949,-130.471016,430731866,430266212
2018-03-25 03:00:00.000,54.487266,-130.442383,430731866,430266212
2018-03-25 15:00:00.000,54.493699,-130.443633,430731866,430266212
2018-03-25 18:00:00.000,54.491316,-130.446083,430731866,430266212
2018-03-25 21:00:00.000,54.482132,-130.460783,430731866,430266212
2018-03-26 00:00:00.000,54.51175,-130.45795,430731866,430266212
2018-03-26 03:00:00.000,54.51355,-130.454283,430731866,430266212
2018-03-26 15:00:00.000,54.513566,-130.454816,430731866,430266212
2018-03-26 18:00:00.000,54.513433,-130.454633,430731866,430266212
2018-03-26 21:00:00.000,54.512766,-130.457183,430731866,430266212
2018-03-27 00:00:00.000,54.51335,-130.454283,430731866,430266212
2018-03-27 15:00:00.000,54.7536,-130.323232,430731866,430266212
2018-03-27 18:00:00.000,55.037516,-130.381766,430731866,430266212
2018-03-27 21:00:00.000,55.386649,-130.861333,430731866,430266212
2018-03-28 00:05:00.000,55.8552,-131.605633,430731866,430266212
2018-03-28 03:00:00.000,56.344783,-132.120916,430731866,430266212
2018-03-28 15:00:00.000,56.405916,-132.185316,430731866,430266212
2018-03-28 18:00:00.000,56.423099,-132.250466,430731866,430266212
2018-03-28 21:01:00.000,56.592033,-132.408016,430731866,430266212
2018-03-29 00:00:00.000,56.630366,-132.448383,430731866,430266212
2018-03-29 03:00:00.000,56.663583,-132.423366,430731866,430266212
2018-03-29 15:00:00.000,56.667416,-132.367399,430731866,430266212
2018-03-29 18:07:00.000,56.619449,-132.398949,430731866,430266212
2018-03-29 21:00:00.000,56.4649,-132.331282,430731866,430266212
2018-03-30 00:00:00.000,56.469866,-132.378516,430731866,430266212
2018-03-30 03:00:00.000,56.46025,-132.382966,430731866,430266212
2018-03-30 15:00:00.000,56.46525,-132.386466,430731866,430266212
2018-03-30 18:00:00.000,56.464366,-132.389716,430731866,430266212
2018-03-30 21:00:00.000,56.4562,-132.381382,430731866,430266212
2018-03-31 00:00:00.000,56.135533,-132.210133,430731866,430266212
2018-03-31 03:01:00.000,56.136316,-132.210233,430731866,430266212
2018-03-31 18:01:00.000,56.135799,-132.210366,430731866,430266212
2018-03-31 21:00:00.000,56.125632,-132.139683,430731866,430266212
2018-04-01 00:00:00.000,56.143866,-132.099033,430731866,430266212
2018-04-01 03:01:00.000,56.137116,-132.095433,430731866,430266212
2018-04-01 15:00:00.000,56.134466,-132.096699,430731866,430266212
2018-04-01 18:00:00.000,56.112366,-132.119549,430731866,430266212
2018-04-01 21:00:00.000,56.182499,-132.149016,430731866,430266212
2018-04-02 00:01:00.000,56.173499,-132.146066,430731866,430266212
2018-04-02 03:00:00.000,56.171532,-132.141399,430731866,430266212
2018-04-02 15:00:00.000,56.171249,-132.142116,430731866,430266212
2018-04-02 18:00:00.000,56.181782,-132.149899,430731866,430266212
2018-04-02 21:01:00.000,56.187333,-132.192899,430731866,430266212
2018-04-03 00:00:00.000,56.281399,-132.356066,430731866,430266212
2018-04-03 03:00:00.000,56.257033,-132.340833,430731866,430266212
2018-04-03 15:00:00.000,56.253133,-132.340333,430731866,430266212
2018-04-03 18:01:00.000,56.255166,-132.341333,430731866,430266212
2018-04-03 21:00:00.000,56.258116,-132.341949,430731866,430266212
2018-04-04 00:00:00.000,56.593416,-132.384983,430731866,430266212
2018-04-04 03:00:00.000,56.599949,-132.408216,430731866,430266212
2018-04-04 15:00:00.000,56.615816,-132.387483,430731866,430266212
2018-04-04 18:00:00.000,56.596149,-132.4111,430731866,430266212
2018-04-04 21:00:00.000,56.593899,-132.41555,430731866,430266212
2018-04-05 00:00:00.000,56.61225,-132.4126,430731866,430266212
2018-04-05 03:00:00.000,56.593949,-132.4147,430731866,430266212
2018-04-05 15:00:00.000,56.624649,-132.40375,430731866,430266212
2018-04-05 18:00:00.000,56.624766,-132.403383,430731866,430266212
2018-04-05 21:00:00.000,56.627132,-132.398266,430731866,430266212
2018-04-06 00:01:00.000,56.594216,-132.415966,430731866,430266212
2018-04-06 03:00:00.000,56.594133,-132.4158,430731866,430266212
2018-04-06 15:00:00.000,56.626549,-132.4012,430731866,430266212
2018-04-06 18:00:00.000,56.626649,-132.4018,430731866,430266212
2018-04-06 21:10:00.000,56.628316,-132.400966,430731866,430266212
2018-04-07 00:00:00.000,56.6113,-132.398499,430731866,430266212
2018-04-07 03:00:00.000,56.596666,-132.410983,430731866,430266212
2018-04-07 15:00:00.000,56.594066,-132.416183,430731866,430266212
2018-04-07 18:00:00.000,56.558616,-132.659333,430731866,430266212
2018-04-07 21:00:00.000,56.293533,-132.942449,430731866,430266212
2018-04-08 00:00:00.000,56.299633,-132.946899,430731866,430266212
2018-04-08 03:00:00.000,56.301316,-132.95765,430731866,430266212
2018-04-08 15:01:00.000,56.30445,-132.962683,430731866,430266212
2018-04-08 18:00:00.000,56.30405,-132.970517,430731866,430266212
2018-04-08 21:00:00.000,56.304316,-132.96865,430731866,430266212
2018-04-09 00:01:00.000,56.311766,-132.960383,430731866,430266212
2018-04-09 00:11:00.000,56.3122,-132.96055,430731866,430266212
2018-04-09 00:12:00.000,56.311483,-132.960533,430731866,430266212
2018-04-09 03:06:00.000,56.3107,-132.96415,430731866,430266212
2018-04-09 15:01:00.000,56.316749,-132.953683,430731866,430266212
2018-04-09 18:00:00.000,56.307183,-132.949383,430731866,430266212
2018-04-10 03:00:00.000,56.329132,-133.058216,430731866,430266212
2018-04-10 15:00:00.000,56.333516,-133.066233,430731866,430266212
2018-04-10 18:04:00.000,56.332149,-133.042316,430731866,430266212
2018-04-10 21:01:00.000,56.333599,-133.039183,430731866,430266212
2018-04-11 03:00:00.000,56.328299,-133.045583,430731866,430266212
2018-04-11 15:00:00.000,56.332366,-133.039033,430731866,430266212
2018-04-11 18:00:00.000,56.343133,-133.019632,430731866,430266212
2018-04-11 21:00:00.000,56.395366,-132.831917,430731866,430266212
2018-04-12 00:00:00.000,56.632299,-132.478249,430731866,430266212
2018-04-12 03:00:00.000,56.632149,-132.478066,430731866,430266212
2018-04-12 15:00:00.000,56.628666,-132.495833,430731866,430266212
2018-04-12 18:00:00.000,56.628282,-132.481699,430731866,430266212
2018-04-12 21:00:00.000,56.631016,-132.480549,430731866,430266212
2018-04-13 00:00:00.000,56.695166,-132.487083,430731866,430266212
2018-04-13 03:02:00.000,56.692616,-132.497533,430731866,430266212
2018-04-13 15:00:00.000,56.679699,-132.520299,430731866,430266212
2018-04-13 18:00:00.000,56.676032,-132.459366,430731866,430266212
2018-04-13 21:00:00.000,56.697666,-132.485249,430731866,430266212
2018-04-14 00:02:00.000,56.634433,-132.4545,430731866,430266212
2018-04-14 03:00:00.000,56.634433,-132.45375,430731866,430266212
2018-04-14 15:00:00.000,56.634149,-132.453766,430731866,430266212
2018-04-14 18:00:00.000,56.624399,-132.434049,430731866,430266212
2018-04-14 21:00:00.000,56.623449,-132.438833,430731866,430266212
2018-04-15 00:00:00.000,56.650433,-132.377466,430731866,430266212
2018-04-15 03:00:00.000,56.665483,-132.407833,430731866,430266212
2018-04-15 15:02:00.000,56.635149,-132.476532,430731866,430266212
2018-04-15 18:00:00.000,56.635649,-132.476716,430731866,430266212
2018-04-15 21:00:00.000,56.55765,-132.684299,430731866,430266212
2018-04-16 00:00:00.000,56.347883,-132.918132,430731866,430266212
2018-04-16 03:00:00.000,56.335916,-132.955316,430731866,430266212
2018-04-16 15:04:00.000,56.255416,-133.002433,430731866,430266212
2018-04-16 18:00:00.000,56.255583,-133.002383,430731866,430266212
2018-04-16 21:00:00.000,56.169716,-133.097916,430731866,430266212
2018-04-17 00:00:00.000,56.227182,-133.088866,430731866,430266212
2018-04-17 03:03:00.000,56.1581,-133.231799,430731866,430266212
2018-04-17 15:00:00.000,56.135416,-133.350733,430731866,430266212
2018-04-17 18:01:00.000,56.137316,-133.349916,430731866,430266212
2018-04-17 21:00:00.000,56.149533,-133.365933,430731866,430266212
2018-04-18 00:04:00.000,56.294449,-133.191016,430731866,430266212
2018-04-18 03:00:00.000,56.301483,-133.187699,430731866,430266212
2018-04-18 15:00:00.000,56.292816,-133.166516,430731866,430266212
2018-04-18 18:00:00.000,56.273232,-133.170516,430731866,430266212
2018-04-18 21:03:00.000,56.273332,-133.157283,430731866,430266212
2018-04-19 00:01:00.000,56.257033,-133.131249,430731866,430266212
2018-04-19 03:00:00.000,56.242683,-133.128632,430731866,430266212
2018-04-19 15:00:00.000,56.247616,-133.127549,430731866,430266212
2018-04-19 18:04:00.000,56.247483,-133.127032,430731866,430266212
2018-04-19 21:00:00.000,56.241333,-133.121149,430731866,430266212
2018-04-20 00:00:00.000,56.342233,-133.018082,430731866,430266212
2018-04-20 03:00:00.000,56.348366,-132.993733,430731866,430266212
2018-04-20 15:04:00.000,56.333366,-133.039283,430731866,430266212
2018-04-20 18:00:00.000,56.341149,-133.014316,430731866,430266212
2018-04-20 21:00:00.000,56.363433,-132.986099,430731866,430266212
2018-04-21 00:00:00.000,56.351933,-132.954183,430731866,430266212
2018-04-21 03:03:00.000,56.350616,-132.9624,430731866,430266212
2018-04-21 15:01:00.000,56.359433,-132.980533,430731866,430266212
2018-04-21 18:00:00.000,56.359583,-132.983699,430731866,430266212
2018-04-21 21:00:00.000,56.356533,-132.990199,430731866,430266212
2018-04-22 00:04:00.000,56.347166,-132.991716,430731866,430266212
2018-04-22 03:00:00.000,56.347633,-133.00335,430731866,430266212
2018-04-22 15:00:00.000,56.342266,-133.019816,430731866,430266212
2018-04-22 18:00:00.000,56.332516,-133.041449,430731866,430266212
2018-04-22 21:04:00.000,56.336499,-133.031516,430731866,430266212
2018-04-23 00:01:00.000,56.362916,-132.825567,430731866,430266212
2018-04-23 03:00:00.000,56.362216,-132.830417,430731866,430266212
2018-04-23 15:00:00.000,56.362783,-132.826183,430731866,430266212
2018-04-23 18:03:00.000,56.36305,-132.826667,430731866,430266212
2018-04-23 21:00:00.000,56.362833,-132.82525,430731866,430266212
2018-04-24 00:00:00.000,56.36445,-132.826133,430731866,430266212
2018-04-24 03:00:00.000,56.368699,-132.834199,430731866,430266212
2018-04-24 15:03:00.000,56.369082,-132.835549,430731866,430266212
2018-04-24 18:00:00.000,56.368432,-132.835483,430731866,430266212
2018-04-24 21:00:00.000,56.388949,-132.825583,430731866,430266212
2018-04-25 00:01:00.000,56.388883,-132.825183,430731866,430266212
2018-04-25 03:03:00.000,56.368882,-132.835183,430731866,430266212
2018-04-25 15:00:00.000,56.3645,-132.83035,430731866,430266212
2018-04-25 18:00:00.000,56.363033,-132.825683,430731866,430266212
2018-04-25 21:00:00.000,56.346299,-133.01005,430731866,430266212
2018-04-26 00:04:00.000,56.343199,-133.018849,430731866,430266212
2018-04-26 03:00:00.000,56.344599,-133.015716,430731866,430266212
2018-04-26 15:00:00.000,56.344216,-133.016516,430731866,430266212
2018-04-26 18:00:00.000,56.340966,-133.023449,430731866,430266212
2018-04-26 21:03:00.000,56.337783,-133.030099,430731866,430266212
2018-04-27 00:00:00.000,56.337566,-133.029782,430731866,430266212
2018-04-27 03:00:00.000,56.348066,-132.996549,430731866,430266212
2018-04-27 18:00:00.000,56.343199,-132.90355,430731866,430266212
2018-04-27 21:03:00.000,56.343099,-132.90355,430731866,430266212
2018-04-28 00:01:00.000,56.343033,-132.904283,430731866,430266212
2018-04-28 03:00:00.000,56.343749,-132.90545,430731866,430266212
2018-04-28 15:00:00.000,56.310416,-132.968333,430731866,430266212
2018-04-28 18:00:00.000,56.347733,-132.922532,430731866,430266212
2018-04-28 21:00:00.000,56.347099,-132.946816,430731866,430266212
2018-04-29 00:00:00.000,56.347133,-132.946383,430731866,430266212
2018-04-29 03:00:00.000,56.347366,-132.948049,430731866,430266212
2018-04-29 15:03:00.000,56.3508,-132.973867,430731866,430266212
2018-04-29 18:00:00.000,56.356333,-132.990266,430731866,430266212
2018-04-29 21:00:00.000,56.676232,-132.46295,430731866,430266212
2018-04-30 00:00:00.000,56.668482,-132.458033,430731866,430266212
2018-04-30 03:02:00.000,56.672432,-132.441049,430731866,430266212
2018-04-30 15:00:00.000,56.642099,-132.463783,430731866,430266212
2018-04-30 18:00:00.000,56.642299,-132.463883,430731866,430266212
2018-04-30 21:00:00.000,56.642233,-132.463816,430731866,430266212
2018-05-01 00:00:00.000,56.642249,-132.463933,430731866,430266212
2018-05-01 03:00:00.000,56.641766,-132.454483,430731866,430266212
2018-05-01 15:00:00.000,56.608383,-132.431816,430731866,430266212
2018-05-01 18:00:00.000,56.60695,-132.448249,430731866,430266212
2018-05-01 21:00:00.000,56.60795,-132.441199,430731866,430266212
2018-05-02 00:00:00.000,56.60735,-132.445383,430731866,430266212
2018-05-02 03:00:00.000,56.610283,-132.471632,430731866,430266212
2018-05-02 15:00:00.000,56.633649,-132.470499,430731866,430266212
2018-05-02 18:00:00.000,56.633533,-132.470932,430731866,430266212
2018-05-02 21:00:00.000,56.513966,-132.789633,430731866,430266212
2018-05-03 00:00:00.000,56.376632,-132.7216,430731866,430266212
2018-05-03 03:00:00.000,56.376699,-132.721583,430731866,430266212
2018-05-03 15:02:00.000,56.348349,-132.726017,430731866,430266212
2018-05-03 18:00:00.000,56.35275,-132.748049,430731866,430266212
2018-05-03 21:00:00.000,56.352566,-132.740099,430731866,430266212
2018-05-04 00:00:00.000,56.352633,-132.740233,430731866,430266212
2018-05-04 03:02:00.000,56.352516,-132.740366,430731866,430266212
2018-05-04 15:00:00.000,56.35245,-132.741799,430731866,430266212
2018-05-04 18:00:00.000,56.352016,-132.741483,430731866,430266212
2018-05-04 21:00:00.000,56.341833,-132.7304,430731866,430266212
2018-05-05 00:02:00.000,56.352033,-132.741933,430731866,430266212
2018-05-05 03:00:00.000,56.35225,-132.742016,430731866,430266212
2018-05-05 15:00:00.000,56.35035,-132.733716,430731866,430266212
2018-05-05 18:00:00.000,56.350666,-132.730567,430731866,430266212
2018-05-05 21:02:00.000,56.35135,-132.740366,430731866,430266212
2018-05-06 00:00:00.000,56.3528,-132.747049,430731866,430266212
2018-05-06 03:00:00.000,56.350866,-132.742299,430731866,430266212
2018-05-06 15:00:00.000,56.350916,-132.740933,430731866,430266212
2018-05-06 18:02:00.000,56.343866,-132.71445,430731866,430266212
2018-05-06 21:00:00.000,56.351016,-132.741233,430731866,430266212
2018-05-07 00:00:00.000,56.3511,-132.739716,430731866,430266212
2018-05-07 03:00:00.000,56.351616,-132.736716,430731866,430266212
2018-05-07 15:02:00.000,56.349766,-132.734533,430731866,430266212
2018-05-07 18:00:00.000,56.350933,-132.736899,430731866,430266212
2018-05-07 21:00:00.000,56.319549,-132.872616,430731866,430266212
2018-05-08 00:00:00.000,56.179999,-133.348733,430731866,430266212
2018-05-08 06:14:00.000,56.180932,-133.352133,430731866,430266212
2018-05-08 06:15:00.000,56.180716,-133.35215,430731866,430266212
2018-05-08 15:04:00.000,56.180999,-133.350966,430731866,430266212
2018-05-08 18:01:00.000,56.183733,-133.3529,430731866,430266212
2018-05-08 21:00:00.000,56.179282,-133.346966,430731866,430266212
2018-05-09 00:00:00.000,56.214233,-133.232449,430731866,430266212
2018-05-09 03:02:00.000,56.214816,-133.233299,430731866,430266212
2018-05-09 15:00:00.000,56.217616,-133.226399,430731866,430266212
2018-05-09 18:00:00.000,56.217582,-133.226632,430731866,430266212
2018-05-09 21:00:00.000,56.21515,-133.240383,430731866,430266212
2018-05-10 00:02:00.000,56.214666,-133.233483,430731866,430266212
2018-05-10 03:00:00.000,56.189099,-133.279399,430731866,430266212
2018-05-10 15:00:00.000,56.215316,-133.235716,430731866,430266212
2018-05-10 18:00:00.000,56.215,-133.236049,430731866,430266212
2018-05-10 21:02:00.000,56.214416,-133.236183,430731866,430266212
2018-05-11 00:00:00.000,56.210966,-133.229299,430731866,430266212
2018-05-11 03:00:00.000,56.2146,-133.233149,430731866,430266212
2018-05-11 15:00:00.000,56.215533,-133.232716,430731866,430266212
2018-05-11 21:02:00.000,56.2134,-133.232766,430731866,430266212
2018-05-12 00:00:00.000,56.2135,-133.232449,430731866,430266212
2018-05-12 03:00:00.000,56.214866,-133.239766,430731866,430266212
2018-05-12 15:00:00.000,56.217316,-133.228232,430731866,430266212
2018-05-12 18:02:00.000,56.214633,-133.232766,430731866,430266212
2018-05-12 21:02:00.000,56.2151,-133.240216,430731866,430266212
2018-05-13 00:00:00.000,56.214733,-133.236199,430731866,430266212
2018-05-13 03:02:00.000,56.214633,-133.240183,430731866,430266212
2018-05-13 15:02:00.000,56.178232,-133.285199,430731866,430266212
2018-05-13 18:00:00.000,56.171166,-133.341249,430731866,430266212
2018-05-13 21:01:00.000,56.181232,-133.352166,430731866,430266212
2018-05-14 00:00:00.000,56.21515,-133.239766,430731866,430266212
2018-05-14 15:02:00.000,56.259066,-133.196349,430731866,430266212
2018-05-14 18:00:00.000,56.257833,-133.197499,430731866,430266212
2018-05-14 21:00:00.000,56.258166,-133.190683,430731866,430266212
2018-05-15 00:00:00.000,56.258283,-133.191949,430731866,430266212
2018-05-15 03:02:00.000,56.259383,-133.197066,430731866,430266212
2018-05-15 15:00:00.000,56.259616,-133.196833,430731866,430266212
2018-05-15 18:00:00.000,56.2598,-133.196449,430731866,430266212
2018-05-15 21:00:00.000,56.357233,-132.957416,430731866,430266212
2018-05-16 00:02:00.000,56.352683,-132.958566,430731866,430266212
2018-05-16 03:00:00.000,56.353183,-132.960316,430731866,430266212
2018-05-16 15:00:00.000,56.346766,-132.955083,430731866,430266212
2018-05-16 18:00:00.000,56.347183,-132.938033,430731866,430266212
2018-05-16 21:02:00.000,56.346899,-132.935766,430731866,430266212
2018-05-17 00:00:00.000,56.347949,-132.937616,430731866,430266212
2018-05-17 03:00:00.000,56.347699,-132.937749,430731866,430266212
2018-05-17 15:00:00.000,56.347149,-132.942183,430731866,430266212
2018-05-17 18:02:00.000,56.347016,-132.942133,430731866,430266212
2018-05-17 21:00:00.000,56.516666,-132.547983,430731866,430266212
2018-05-18 00:00:00.000,56.321449,-132.716383,430731866,430266212
2018-05-18 03:00:00.000,56.306183,-132.75335,430731866,430266212
2018-05-18 15:02:00.000,56.308166,-132.753716,430731866,430266212
2018-05-18 18:00:00.000,56.307883,-132.754433,430731866,430266212
2018-05-18 21:00:00.000,56.307866,-132.754383,430731866,430266212
2018-05-19 00:00:00.000,56.306966,-132.739633,430731866,430266212
2018-05-19 03:02:00.000,56.306533,-132.75345,430731866,430266212
2018-05-19 15:00:00.000,56.308883,-132.750183,430731866,430266212
2018-05-19 18:00:00.000,56.335683,-132.738899,430731866,430266212
2018-05-19 21:00:00.000,56.329732,-132.800133,430731866,430266212
2018-05-20 00:02:00.000,56.330649,-132.80565,430731866,430266212
2018-05-20 03:00:00.000,56.342849,-132.80595,430731866,430266212
2018-05-20 15:00:00.000,56.352566,-132.741333,430731866,430266212
2018-05-20 18:00:00.000,56.35345,-132.747149,430731866,430266212
2018-05-20 21:02:00.000,56.35395,-132.747066,430731866,430266212
2018-05-21 00:00:00.000,56.3533,-132.747399,430731866,430266212
2018-05-21 03:00:00.000,56.3532,-132.749783,430731866,430266212
2018-05-21 15:00:00.000,56.353,-132.742466,430731866,430266212
2018-05-21 18:02:00.000,56.348599,-132.751533,430731866,430266212
2018-05-21 21:00:00.000,56.341349,-132.731167,430731866,430266212
2018-05-22 00:00:00.000,56.353166,-132.748116,430731866,430266212
2018-05-22 03:00:00.000,56.3541,-132.746249,430731866,430266212
2018-05-22 15:02:00.000,56.35105,-132.742033,430731866,430266212
2018-05-22 21:00:00.000,56.353416,-132.727033,430731866,430266212
2018-05-23 00:00:00.000,56.355583,-132.725717,430731866,430266212
2018-05-23 03:00:00.000,56.353583,-132.724767,430731866,430266212
2018-05-23 15:02:00.000,56.35355,-132.7242,430731866,430266212
2018-05-23 18:00:00.000,56.355383,-132.72555,430731866,430266212
2018-05-23 21:00:00.000,56.354966,-132.728067,430731866,430266212
2018-05-24 00:00:00.000,56.353666,-132.72455,430731866,430266212
2018-05-24 03:02:00.000,56.353666,-132.724767,430731866,430266212
2018-05-24 15:00:00.000,56.35225,-132.741566,430731866,430266212
2018-05-24 18:00:00.000,56.351233,-132.741333,430731866,430266212
2018-05-24 21:00:00.000,56.350033,-132.751366,430731866,430266212
2018-05-25 00:02:00.000,56.35115,-132.742066,430731866,430266212
2018-05-25 03:00:00.000,56.434949,-132.490316,430731866,430266212
2018-05-25 15:00:00.000,56.431566,-132.515416,430731866,430266212
2018-05-25 18:00:00.000,56.467166,-132.384699,430731866,430266212
2018-05-25 21:00:00.000,56.429866,-132.25255,430731866,430266212
2018-05-26 00:00:00.000,56.20775,-132.298966,430731866,430266212
2018-05-26 03:00:00.000,56.181949,-132.195683,430731866,430266212
2018-05-26 15:00:00.000,56.171899,-132.141783,430731866,430266212
2018-05-27 18:03:00.000,56.140766,-132.163,430731866,430266212
2018-05-27 21:00:00.000,56.141599,-132.16365,430731866,430266212
2018-05-28 00:00:00.000,56.141316,-132.163283,430731866,430266212
2018-05-28 03:00:00.000,56.140949,-132.16245,430731866,430266212
2018-05-28 15:03:00.000,56.141499,-132.159666,430731866,430266212
2018-05-28 18:00:00.000,56.138716,-132.15455,430731866,430266212
2018-05-28 21:00:00.000,56.140299,-132.156666,430731866,430266212
2018-05-29 00:00:00.000,56.139699,-132.154716,430731866,430266212
2018-06-01 21:54:00.000,56.463116,-132.301983,430731866,430266212
2018-06-02 00:00:00.000,56.463466,-132.3008,430731866,430266212
2018-06-02 03:00:00.000,56.524882,-132.439499,430731866,430266212
2018-06-02 15:00:00.000,56.525116,-132.437633,430731866,430266212
2018-06-02 18:00:00.000,56.525849,-132.438933,430731866,430266212
2018-06-02 21:00:00.000,56.520332,-132.444399,430731866,430266212
2018-06-03 03:00:00.000,56.523982,-132.440249,430731866,430266212
2018-06-03 15:00:00.000,56.525449,-132.439266,430731866,430266212
2018-06-03 18:00:00.000,56.475699,-132.360766,430731866,430266212
2018-06-03 21:00:00.000,56.469549,-132.370649,430731866,430266212
2018-06-04 00:01:00.000,56.459383,-132.336949,430731866,430266212
2018-06-04 03:00:00.000,56.50625,-132.311183,430731866,430266212
2018-06-04 15:01:00.000,56.529799,-132.441533,430731866,430266212
2018-06-04 18:01:00.000,56.537449,-132.444566,430731866,430266212
2018-06-04 21:02:00.000,56.536216,-132.443349,430731866,430266212
2018-06-05 00:00:00.000,56.536149,-132.445033,430731866,430266212
2018-06-05 03:00:00.000,56.524716,-132.458716,430731866,430266212
2018-06-05 15:00:00.000,56.595399,-132.455866,430731866,430266212
2018-06-05 18:00:00.000,56.507233,-132.566516,430731866,430266212
2018-06-05 21:00:00.000,56.396916,-132.754683,430731866,430266212
2018-06-06 09:15:00.000,56.353516,-132.747383,430731866,430266212
2018-06-06 15:02:00.000,56.3522,-132.736899,430731866,430266212
2018-06-06 18:00:00.000,56.352533,-132.741749,430731866,430266212
2018-06-06 21:00:00.000,56.35535,-132.721983,430731866,430266212
2018-06-07 00:01:00.000,56.493399,-132.6117,430731866,430266212
2018-06-07 03:15:00.000,56.517282,-132.542049,430731866,430266212
2018-06-07 15:00:00.000,56.515216,-132.543983,430731866,430266212
2018-06-07 18:00:00.000,56.515733,-132.543583,430731866,430266212
2018-06-07 21:00:00.000,56.455716,-132.724033,430731866,430266212
2018-06-08 18:07:00.000,56.280582,-133.2,430731866,430266212
2018-06-08 21:00:00.000,56.357083,-132.980767,430731866,430266212
2018-06-09 00:00:00.000,56.50295,-132.478349,430731866,430266212
2018-06-09 03:00:00.000,56.497799,-132.485849,430731866,430266212
2018-06-09 15:00:00.000,56.497799,-132.484533,430731866,430266212
2018-06-09 18:00:00.000,56.500416,-132.489783,430731866,430266212
2018-06-09 21:00:00.000,56.324732,-132.273816,430731866,430266212
2018-06-10 00:00:00.000,56.460116,-132.618316,430731866,430266212
2018-06-10 15:00:00.000,56.485383,-132.646549,430731866,430266212
2018-06-10 18:00:00.000,56.485916,-132.648616,430731866,430266212
2018-06-10 21:00:00.000,56.434099,-132.677399,430731866,430266212
2018-06-11 00:00:00.000,56.429399,-132.684449,430731866,430266212
2018-06-11 03:00:00.000,56.432082,-132.676849,430731866,430266212
2018-06-11 15:00:00.000,56.433099,-132.65765,430731866,430266212
2018-06-11 18:00:00.000,56.432466,-132.655316,430731866,430266212
2018-06-11 21:00:00.000,56.431549,-132.654466,430731866,430266212
2018-06-12 00:00:00.000,56.433082,-132.6602,430731866,430266212
2018-06-12 03:00:00.000,56.437483,-132.677999,430731866,430266212
2018-06-12 15:01:00.000,56.441599,-132.674782,430731866,430266212
2018-06-12 18:00:00.000,56.443233,-132.677699,430731866,430266212
2018-06-12 21:00:00.000,56.329682,-132.869049,430731866,430266212
2018-06-13 00:00:00.000,56.344133,-132.906133,430731866,430266212
2018-06-13 03:00:00.000,56.343849,-132.9059,430731866,430266212
2018-06-13 15:00:00.000,56.343766,-132.90495,430731866,430266212
2018-06-13 18:03:00.000,56.343233,-132.9043,430731866,430266212
2018-06-13 21:00:00.000,56.295749,-132.945116,430731866,430266212
2018-06-14 00:00:00.000,56.244899,-133.075566,430731866,430266212
2018-06-14 03:00:00.000,56.313283,-133.105916,430731866,430266212
2018-06-14 15:00:00.000,56.3142,-133.105933,430731866,430266212
2018-06-14 18:00:00.000,56.313533,-133.10575,430731866,430266212
2018-06-14 21:00:00.000,56.356233,-133.069132,430731866,430266212
2018-06-15 00:00:00.000,56.356166,-133.069249,430731866,430266212
2018-06-15 03:02:00.000,56.503066,-132.613216,430731866,430266212
2018-06-15 15:00:00.000,56.50815,-132.315716,430731866,430266212
2018-06-15 18:00:00.000,56.494433,-132.30085,430731866,430266212
2018-06-15 21:00:00.000,56.527466,-132.4552,430731866,430266212
2018-06-16 00:00:00.000,56.527632,-132.4545,430731866,430266212
2018-06-16 03:00:00.000,56.527499,-132.455633,430731866,430266212
2018-06-16 06:00:00.000,56.529366,-132.4551,430731866,430266212
2018-06-16 12:00:00.000,56.529132,-132.45575,430731866,430266212
2018-06-16 15:07:00.000,56.527666,-132.4522,430731866,430266212
2018-06-16 18:00:00.000,56.515433,-132.531266,430731866,430266212
2018-06-16 21:00:00.000,56.516383,-132.535533,430731866,430266212
2018-06-17 00:00:00.000,56.5163,-132.535399,430731866,430266212
2018-06-17 03:01:00.000,56.516266,-132.535449,430731866,430266212
2018-06-17 15:00:00.000,56.5157,-132.534983,430731866,430266212
2018-06-17 18:00:00.000,56.518132,-132.535333,430731866,430266212
2018-06-17 21:00:00.000,56.520599,-132.532466,430731866,430266212
2018-06-18 00:06:00.000,56.519749,-132.533583,430731866,430266212
2018-06-18 03:02:00.000,56.519649,-132.533649,430731866,430266212
2018-06-18 15:00:00.000,56.519549,-132.533883,430731866,430266212
2018-06-18 18:00:00.000,56.500766,-132.476166,430731866,430266212
2018-06-18 21:00:00.000,56.502533,-132.478782,430731866,430266212
2018-06-19 00:01:00.000,56.50325,-132.479266,430731866,430266212
2018-06-19 03:00:00.000,56.503716,-132.478399,430731866,430266212
2018-06-19 12:00:00.000,56.503966,-132.478949,430731866,430266212
2018-06-19 15:01:00.000,56.504783,-132.483933,430731866,430266212
2018-06-19 18:00:00.000,56.505816,-132.484983,430731866,430266212
2018-06-19 21:00:00.000,56.526682,-132.492799,430731866,430266212
2018-06-20 00:00:00.000,56.5136,-132.539366,430731866,430266212
2018-06-20 03:00:00.000,56.513516,-132.539516,430731866,430266212
2018-06-20 15:00:00.000,56.5154,-132.535983,430731866,430266212
2018-06-20 18:00:00.000,56.5148,-132.536016,430731866,430266212
2018-06-20 21:00:00.000,56.520466,-132.517716,430731866,430266212
2018-06-21 21:28:00.000,56.501466,-132.573766,430731866,430266212
2018-06-22 00:00:00.000,56.5071,-132.571282,430731866,430266212
2018-06-22 03:00:00.000,56.507916,-132.571782,430731866,430266212
2018-06-22 15:00:00.000,56.504983,-132.480166,430731866,430266212
2018-06-22 18:08:00.000,56.504333,-132.479399,430731866,430266212
2018-06-22 21:00:00.000,56.503366,-132.480532,430731866,430266212
2018-06-23 00:00:00.000,56.503833,-132.480682,430731866,430266212
2018-06-23 03:00:00.000,56.50455,-132.480966,430731866,430266212
2018-06-23 15:07:00.000,56.523016,-132.350516,430731866,430266212
2018-06-23 18:01:00.000,56.5149,-132.337783,430731866,430266212
2018-06-23 21:00:00.000,56.51495,-132.338266,430731866,430266212
2018-06-24 00:01:00.000,56.515183,-132.337816,430731866,430266212
2018-06-24 03:01:00.000,56.513266,-132.333249,430731866,430266212
2018-06-24 15:01:00.000,56.5138,-132.333232,430731866,430266212
2018-06-24 18:00:00.000,56.51135,-132.327166,430731866,430266212
2018-06-24 21:00:00.000,56.511383,-132.325032,430731866,430266212
2018-06-25 00:00:00.000,56.511033,-132.325416,430731866,430266212
2018-06-25 03:00:00.000,56.5112,-132.326049,430731866,430266212
2018-06-25 15:00:00.000,56.509533,-132.371499,430731866,430266212
2018-06-25 21:00:00.000,56.483549,-132.377599,430731866,430266212
2018-06-26 00:01:00.000,56.490666,-132.298749,430731866,430266212
2018-06-26 03:00:00.000,56.469116,-132.329532,430731866,430266212
2018-06-26 12:00:00.000,56.46655,-132.320182,430731866,430266212
2018-06-26 18:00:00.000,56.496699,-132.301066,430731866,430266212
2018-06-26 21:00:00.000,56.496833,-132.301983,430731866,430266212
2018-06-27 00:01:00.000,56.496666,-132.302333,430731866,430266212
2018-06-27 03:00:00.000,56.495516,-132.30175,430731866,430266212
2018-06-27 15:00:00.000,56.474866,-132.239366,430731866,430266212
2018-06-27 18:00:00.000,56.471416,-132.234549,430731866,430266212
2018-06-27 21:00:00.000,56.465533,-132.227149,430731866,430266212
2018-06-28 00:01:00.000,56.500316,-132.476449,430731866,430266212
2018-06-28 12:00:00.000,56.498966,-132.489483,430731866,430266212
2018-06-28 15:07:00.000,56.518216,-132.533216,430731866,430266212
2018-06-28 18:00:00.000,56.518216,-132.533433,430731866,430266212
2018-06-28 21:00:00.000,56.511333,-132.552616,430731866,430266212
2018-06-29 03:00:00.000,56.474649,-132.650383,430731866,430266212
2018-06-29 21:02:00.000,56.472932,-132.649049,430731866,430266212
2018-06-30 00:01:00.000,56.472966,-132.649349,430731866,430266212
2018-06-30 03:07:00.000,56.525599,-132.561616,430731866,430266212
2018-06-30 15:00:00.000,56.481799,-132.653283,430731866,430266212
2018-06-30 18:01:00.000,56.480466,-132.653666,430731866,430266212
2018-06-30 21:00:00.000,56.436166,-132.682899,430731866,430266212
2018-07-01 21:17:00.000,56.378482,-132.677399,430731866,430266212
2018-07-02 00:01:00.000,56.418399,-132.633249,430731866,430266212
2018-07-02 03:00:00.000,56.430032,-132.647649,430731866,430266212
2018-07-02 06:00:00.000,56.430299,-132.647716,430731866,430266212
2018-07-02 12:00:00.000,56.430632,-132.647966,430731866,430266212
2018-07-02 15:00:00.000,56.440766,-132.669716,430731866,430266212
2018-07-02 18:00:00.000,56.477732,-132.652616,430731866,430266212
2018-07-02 21:00:00.000,56.527016,-132.566616,430731866,430266212
2018-07-03 00:04:00.000,56.528516,-132.566316,430731866,430266212
2018-07-03 03:00:00.000,56.494266,-132.559483,430731866,430266212
2018-07-03 15:00:00.000,56.500816,-132.575382,430731866,430266212
2018-07-03 18:00:00.000,56.497133,-132.570466,430731866,430266212
2018-07-03 21:00:00.000,56.515066,-132.473299,430731866,430266212
2018-07-04 00:00:00.000,56.504516,-132.479149,430731866,430266212
2018-07-04 03:00:00.000,56.499299,-132.476466,430731866,430266212
2018-07-04 06:00:00.000,56.499533,-132.486716,430731866,430266212
2018-07-04 12:04:00.000,56.501066,-132.490016,430731866,430266212
2018-07-04 15:00:00.000,56.498716,-132.488933,430731866,430266212
2018-07-04 18:00:00.000,56.498633,-132.489066,430731866,430266212
2018-07-04 21:00:00.000,56.507883,-132.449916,430731866,430266212
2018-07-05 00:00:00.000,56.638399,-132.423366,430731866,430266212
2018-07-05 03:00:00.000,56.844566,-133.00975,430731866,430266212
2018-07-05 06:00:00.000,56.843316,-133.009866,430731866,430266212
2018-07-05 12:00:00.000,56.822417,-132.989333,430731866,430266212
2018-07-05 12:13:00.000,56.82235,-132.989183,430731866,430266212
2018-07-05 15:00:00.000,56.758466,-132.982033,430731866,430266212
2018-07-05 18:00:00.000,56.756866,-132.979633,430731866,430266212
2018-07-05 21:00:00.000,57.144516,-133.918599,430731866,430266212
2018-07-06 00:00:00.000,57.937583,-134.3542,430731866,430266212
2018-07-06 03:02:00.000,58.033399,-134.3012,430731866,430266212
2018-07-06 06:00:00.000,58.033349,-134.300716,430731866,430266212
2018-07-06 12:00:00.000,58.027132,-134.278066,430731866,430266212
2018-07-06 15:00:00.000,58.021082,-134.26455,430731866,430266212
2018-07-06 18:02:00.000,58.020466,-134.26635,430731866,430266212
2018-07-06 21:00:00.000,58.307,-134.451383,430731866,430266212
2018-07-07 00:00:00.000,58.306916,-134.451216,430731866,430266212
2018-07-07 03:00:00.000,58.307116,-134.450133,430731866,430266212
2018-07-07 15:00:00.000,58.340116,-134.487883,430731866,430266212
2018-07-07 18:00:00.000,58.342633,-134.625066,430731866,430266212
2018-07-07 21:00:00.000,58.5128,-134.82335,430731866,430266212
2018-07-08 00:00:00.000,58.513233,-134.839099,430731866,430266212
2018-07-08 03:00:00.000,58.512283,-134.839416,430731866,430266212
2018-07-08 06:00:00.000,58.512483,-134.840199,430731866,430266212
2018-07-08 15:00:00.000,58.522532,-134.835199,430731866,430266212
2018-07-08 18:00:00.000,58.5047,-134.8175,430731866,430266212
2018-07-09 00:02:00.000,58.510133,-134.820867,430731866,430266212
2018-07-09 03:00:00.000,58.511816,-134.822533,430731866,430266212
2018-07-09 15:00:00.000,58.520982,-134.836083,430731866,430266212
2018-07-09 18:00:00.000,58.519516,-134.838966,430731866,430266212
2018-07-09 21:00:00.000,58.519416,-134.838899,430731866,430266212
2018-07-10 00:00:00.000,58.515333,-134.837933,430731866,430266212
2018-07-10 03:00:00.000,58.512916,-134.839083,430731866,430266212
2018-07-10 18:00:00.000,58.5126,-134.8244,430731866,430266212
2018-07-10 21:01:00.000,58.513866,-134.824383,430731866,430266212
2018-07-11 00:00:00.000,58.50715,-134.8182,430731866,430266212
2018-07-11 03:00:00.000,58.511616,-134.822083,430731866,430266212
2018-07-12 03:03:00.000,58.519532,-134.840016,430731866,430266212
2018-07-12 15:00:00.000,58.522899,-134.837316,430731866,430266212
2018-07-12 18:00:00.000,58.522199,-134.843499,430731866,430266212
2018-07-12 21:01:00.000,58.523899,-134.833666,430731866,430266212
2018-07-13 00:01:00.000,58.575999,-134.860883,430731866,430266212
2018-07-13 03:00:00.000,58.493983,-134.787599,430731866,430266212
2018-07-13 06:00:00.000,58.509166,-134.819583,430731866,430266212
2018-07-13 15:00:00.000,58.529849,-134.819917,430731866,430266212
2018-07-13 18:03:00.000,58.522782,-134.812333,430731866,430266212
2018-07-13 21:00:00.000,58.522699,-134.804216,430731866,430266212
2018-07-14 00:00:00.000,58.522666,-134.804133,430731866,430266212
2018-07-14 03:00:00.000,58.523232,-134.806166,430731866,430266212
2018-07-14 06:03:00.000,58.522816,-134.8113,430731866,430266212
2018-07-14 15:00:00.000,58.524616,-134.82415,430731866,430266212
2018-07-14 18:00:00.000,58.527949,-134.8187,430731866,430266212
2018-07-14 21:00:00.000,58.528782,-134.821683,430731866,430266212
2018-07-15 00:04:00.000,58.522982,-134.824483,430731866,430266212
2018-07-15 03:00:00.000,58.525166,-134.826033,430731866,430266212
2018-07-15 15:00:00.000,58.527182,-134.837099,430731866,430266212
2018-07-15 18:00:00.000,58.526832,-134.837383,430731866,430266212
2018-07-15 21:08:00.000,58.520899,-134.836533,430731866,430266212
2018-07-16 00:00:00.000,58.514933,-134.840133,430731866,430266212
2018-07-16 03:00:00.000,58.51435,-134.839666,430731866,430266212
2018-07-16 15:00:00.000,58.520582,-134.836099,430731866,430266212
2018-07-24 15:04:00.000,58.524849,-134.839699,430731866,430266212
2018-07-24 18:00:00.000,58.522749,-134.82575,430731866,430266212
2018-07-24 21:00:00.000,58.522382,-134.826867,430731866,430266212
2018-07-25 00:00:00.000,58.518349,-134.820133,430731866,430266212
2018-07-25 03:00:00.000,58.508933,-134.8189,430731866,430266212
2018-07-25 15:00:00.000,58.527299,-134.824867,430731866,430266212
2018-07-25 18:00:00.000,58.528299,-134.8228,430731866,430266212
2018-07-25 21:00:00.000,58.523766,-134.809783,430731866,430266212
2018-07-26 00:07:00.000,58.342216,-134.462683,430731866,430266212
2018-07-26 03:00:00.000,58.327132,-134.487749,430731866,430266212
2018-07-26 18:00:00.000,58.324399,-134.486449,430731866,430266212
2018-07-26 21:00:00.000,58.326599,-134.487349,430731866,430266212
2018-07-27 00:00:00.000,58.326399,-134.486466,430731866,430266212
2018-07-27 03:00:00.000,58.326316,-134.486999,430731866,430266212
2018-07-27 15:00:00.000,58.328599,-134.489916,430731866,430266212
2018-07-27 18:00:00.000,58.330249,-134.478716,430731866,430266212
2018-07-27 21:00:00.000,58.328249,-134.490649,430731866,430266212
2018-07-28 00:00:00.000,58.327849,-134.490916,430731866,430266212
2018-07-28 03:00:00.000,58.328349,-134.480782,430731866,430266212
2018-07-28 15:00:00.000,58.326599,-134.486933,430731866,430266212
2018-07-28 18:00:00.000,58.328616,-134.490749,430731866,430266212
2018-07-28 21:00:00.000,58.328366,-134.489749,430731866,430266212
2018-07-29 00:01:00.000,58.330516,-134.491016,430731866,430266212
2018-07-29 03:00:00.000,58.31555,-134.466383,430731866,430266212
2018-07-29 15:01:00.000,58.325399,-134.485483,430731866,430266212
2018-07-29 18:00:00.000,58.324966,-134.485066,430731866,430266212
2018-07-30 00:00:00.000,58.31255,-134.46105,430731866,430266212
2018-07-30 03:00:00.000,58.307583,-134.4536,430731866,430266212
2018-07-30 15:00:00.000,58.320232,-134.453483,430731866,430266212
2018-07-30 18:00:00.000,58.3165,-134.468432,430731866,430266212
2018-07-30 21:00:00.000,58.3115,-134.463966,430731866,430266212
2018-07-31 00:00:00.000,58.249566,-134.4589,430731866,430266212
2018-07-31 03:03:00.000,58.146433,-134.439383,430731866,430266212
2018-07-31 15:00:00.000,58.103766,-134.327099,430731866,430266212
2018-07-31 18:00:00.000,58.1033,-134.327299,430731866,430266212
2018-07-31 21:00:00.000,58.1021,-134.326332,430731866,430266212
2018-08-01 00:04:00.000,58.102033,-134.326099,430731866,430266212
2018-08-01 03:00:00.000,58.100583,-134.322449,430731866,430266212
2018-08-01 15:00:00.000,58.095316,-134.316716,430731866,430266212
2018-08-01 18:00:00.000,58.091616,-134.308933,430731866,430266212
2018-08-01 21:03:00.000,58.092099,-134.307733,430731866,430266212
2018-08-02 00:00:00.000,58.091066,-134.308766,430731866,430266212
2018-08-02 03:00:00.000,58.091833,-134.308883,430731866,430266212
2018-08-02 15:00:00.000,58.087733,-134.3063,430731866,430266212
2018-08-02 18:04:00.000,58.084249,-134.299916,430731866,430266212
2018-08-02 21:00:00.000,58.113033,-134.320349,430731866,430266212
2018-08-03 00:01:00.000,58.160366,-134.394649,430731866,430266212
2018-08-03 03:00:00.000,58.177632,-134.563516,430731866,430266212
2018-08-03 15:19:00.000,58.235433,-134.489033,430731866,430266212
2018-08-03 18:16:00.000,58.343233,-134.524516,430731866,430266212
2018-08-03 21:01:00.000,58.343299,-134.524249,430731866,430266212
2018-08-04 00:01:00.000,58.343049,-134.524482,430731866,430266212
2018-08-04 15:00:00.000,58.335016,-134.505383,430731866,430266212
2018-08-04 18:00:00.000,58.334283,-134.485466,430731866,430266212
2018-08-04 21:00:00.000,58.338116,-134.517016,430731866,430266212
2018-08-05 00:01:00.000,58.338666,-134.517199,430731866,430266212
2018-08-05 03:00:00.000,58.338599,-134.517416,430731866,430266212
2018-08-05 18:00:00.000,58.328299,-134.490583,430731866,430266212
2018-08-05 21:00:00.000,58.328216,-134.489199,430731866,430266212
2018-08-06 00:01:00.000,58.328599,-134.491233,430731866,430266212
2018-08-06 03:00:00.000,58.328666,-134.491433,430731866,430266212
2018-08-06 15:00:00.000,58.328416,-134.489616,430731866,430266212
2018-08-06 18:00:00.000,58.326366,-134.487033,430731866,430266212
2018-08-06 21:00:00.000,58.328632,-134.491266,430731866,430266212
2018-08-07 00:01:00.000,58.335049,-134.505083,430731866,430266212
2018-08-07 15:01:00.000,58.331499,-134.496899,430731866,430266212
2018-08-07 18:00:00.000,58.330849,-134.496666,430731866,430266212
2018-08-07 21:00:00.000,58.328449,-134.489733,430731866,430266212
2018-08-08 00:01:00.000,58.329016,-134.492033,430731866,430266212
2018-08-08 15:01:00.000,58.328699,-134.491683,430731866,430266212
2018-08-08 18:00:00.000,58.328182,-134.489199,430731866,430266212
2018-08-09 00:01:00.000,58.328399,-134.490566,430731866,430266212
2018-08-09 03:01:00.000,58.328466,-134.490883,430731866,430266212
2018-08-09 15:01:00.000,58.328699,-134.491816,430731866,430266212
2018-08-09 21:00:00.000,58.323632,-134.485266,430731866,430266212
2018-08-10 00:01:00.000,58.322316,-134.482232,430731866,430266212
2018-08-10 03:00:00.000,58.322249,-134.479732,430731866,430266212
2018-08-10 18:01:00.000,58.327316,-134.488599,430731866,430266212
2018-08-10 21:00:00.000,58.327416,-134.488166,430731866,430266212
2018-08-11 00:00:00.000,58.325966,-134.486633,430731866,430266212
2018-08-11 03:02:00.000,58.329116,-134.491066,430731866,430266212
2018-08-11 15:01:00.000,58.318449,-134.472366,430731866,430266212
2018-08-11 21:00:00.000,58.313416,-134.478099,430731866,430266212
2018-08-12 00:01:00.000,58.221649,-134.360566,430731866,430266212
2018-08-12 03:00:00.000,58.058483,-134.290399,430731866,430266212
2018-08-12 18:01:00.000,58.023649,-134.272366,430731866,430266212
2018-08-12 21:00:00.000,58.032032,-134.285033,430731866,430266212
2018-08-13 00:01:00.000,58.035999,-134.30985,430731866,430266212
2018-08-13 03:00:00.000,58.039016,-134.331649,430731866,430266212
2018-08-13 15:04:00.000,58.042416,-134.339699,430731866,430266212
2018-08-13 18:00:00.000,58.044333,-134.347383,430731866,430266212
2018-08-14 00:01:00.000,58.042799,-134.342983,430731866,430266212
2018-08-14 03:00:00.000,58.039883,-134.338533,430731866,430266212
2018-08-14 15:04:00.000,58.038316,-134.334549,430731866,430266212
2018-08-14 18:00:00.000,58.039016,-134.337033,430731866,430266212
2018-08-14 21:00:00.000,58.038449,-134.361816,430731866,430266212
2018-08-15 03:00:00.000,57.631249,-134.131032,430731866,430266212
2018-08-15 15:04:00.000,57.632782,-134.130216,430731866,430266212
2018-08-15 18:00:00.000,57.632632,-134.129916,430731866,430266212
2018-08-15 21:02:00.000,57.634816,-134.128999,430731866,430266212
2018-08-16 00:01:00.000,57.634299,-134.128499,430731866,430266212
2018-08-16 03:04:00.000,57.632682,-134.129749,430731866,430266212
2018-08-16 18:00:00.000,57.633349,-134.128182,430731866,430266212
2018-08-17 00:01:00.000,57.631582,-134.136916,430731866,430266212
2018-08-17 15:05:00.000,57.632749,-134.129549,430731866,430266212
2018-08-18 00:02:00.000,57.631316,-134.140433,430731866,430266212
2018-08-18 03:00:00.000,57.631682,-134.136483,430731866,430266212
2018-08-18 18:01:00.000,57.631132,-134.140449,430731866,430266212
2018-08-19 18:02:00.000,57.630549,-134.142083,430731866,430266212
2018-08-19 21:06:00.000,57.631216,-134.142216,430731866,430266212
2018-08-20 00:01:00.000,57.631282,-134.135499,430731866,430266212
2018-08-20 18:00:00.000,57.630782,-134.142033,430731866,430266212
2018-08-20 21:00:00.000,57.627766,-134.146166,430731866,430266212
2018-08-21 00:04:00.000,57.627966,-134.146349,430731866,430266212
2018-08-21 03:00:00.000,57.629866,-134.143616,430731866,430266212
2018-08-21 18:00:00.000,57.631682,-134.139599,430731866,430266212
2018-08-21 21:00:00.000,57.630582,-134.141316,430731866,430266212
2018-08-22 00:05:00.000,57.631616,-134.138949,430731866,430266212
2018-08-22 03:00:00.000,57.631916,-134.138983,430731866,430266212
2018-08-22 15:00:00.000,57.630249,-134.143099,430731866,430266212
2018-08-22 18:01:00.000,57.630616,-134.143099,430731866,430266212
2018-08-22 21:04:00.000,57.630632,-134.142983,430731866,430266212
2018-08-23 00:01:00.000,57.628849,-134.147699,430731866,430266212
2018-08-23 03:00:00.000,57.629999,-134.143366,430731866,430266212
2018-08-23 15:01:00.000,57.630499,-134.142316,430731866,430266212
2018-08-23 21:00:00.000,57.631049,-134.135033,430731866,430266212
2018-08-24 03:00:00.000,57.631916,-134.129682,430731866,430266212
2018-08-24 15:01:00.000,57.632216,-134.131032,430731866,430266212
2018-08-24 18:00:00.000,57.631216,-134.132032,430731866,430266212
2018-08-24 21:04:00.000,57.632316,-134.131599,430731866,430266212
2018-08-25 00:01:00.000,57.633716,-134.129332,430731866,430266212
2018-08-25 15:00:00.000,57.634283,-134.128099,430731866,430266212
2018-08-25 18:01:00.000,57.632649,-134.128916,430731866,430266212
2018-08-25 21:04:00.000,57.632549,-134.129349,430731866,430266212
2018-08-26 00:02:00.000,57.633349,-134.130432,430731866,430266212
2018-08-26 03:00:00.000,57.633866,-134.128449,430731866,430266212
2018-08-26 15:02:00.000,57.632866,-134.130182,430731866,430266212
2018-08-26 21:00:00.000,57.632549,-134.129282,430731866,430266212
2018-08-27 00:00:00.000,57.631332,-134.139616,430731866,430266212
2018-08-27 03:00:00.000,57.631966,-134.136099,430731866,430266212
2018-08-27 15:00:00.000,57.633716,-134.130182,430731866,430266212
2018-08-27 18:05:00.000,57.634483,-134.126599,430731866,430266212
2018-08-27 21:00:00.000,57.637749,-134.122999,430731866,430266212
2018-08-28 00:01:00.000,57.638966,-134.124599,430731866,430266212
2018-08-28 03:00:00.000,57.636549,-134.124366,430731866,430266212
2018-08-28 15:04:00.000,57.640499,-134.120682,430731866,430266212
2018-08-28 18:00:00.000,57.645999,-134.092649,430731866,430266212
2018-08-28 21:01:00.000,57.650266,-134.083316,430731866,430266212
2018-08-29 00:01:00.000,57.649299,-134.084733,430731866,430266212
2018-08-29 03:04:00.000,57.651633,-134.083099,430731866,430266212
2018-08-29 15:00:00.000,57.648166,-134.097749,430731866,430266212
2018-08-29 18:00:00.000,57.649449,-134.092383,430731866,430266212
2018-08-29 21:00:00.000,57.644383,-134.094416,430731866,430266212
2018-08-30 00:04:00.000,57.559066,-134.159283,430731866,430266212
2018-08-30 03:00:00.000,57.508166,-134.105516,430731866,430266212
2018-08-30 15:00:00.000,57.506066,-134.1025,430731866,430266212
2018-08-30 18:01:00.000,57.51195,-134.107383,430731866,430266212
2018-08-30 21:05:00.000,57.50815,-134.108766,430731866,430266212
2018-08-31 00:00:00.000,57.50835,-134.106833,430731866,430266212
2018-08-31 03:00:00.000,57.489083,-134.269532,430731866,430266212
2018-08-31 15:01:00.000,57.5101,-134.186533,430731866,430266212
2018-08-31 18:04:00.000,57.508933,-134.187866,430731866,430266212
2018-08-31 21:00:00.000,57.509516,-134.187633,430731866,430266212
2018-09-01 00:00:00.000,57.478549,-134.202333,430731866,430266212
2018-09-01 03:00:00.000,57.387449,-134.338016,430731866,430266212
2018-09-01 18:11:00.000,57.351216,-134.388983,430731866,430266212
2018-09-01 18:12:00.000,57.35115,-134.389049,430731866,430266212
2018-09-01 21:02:00.000,57.339433,-134.351116,430731866,430266212
2018-09-02 00:01:00.000,57.338766,-134.351633,430731866,430266212
2018-09-02 03:00:00.000,57.338966,-134.349033,430731866,430266212
2018-09-02 15:00:00.000,57.338983,-134.354016,430731866,430266212
2018-09-02 21:01:00.000,57.339333,-134.351233,430731866,430266212
2018-09-03 00:01:00.000,57.339733,-134.344366,430731866,430266212
2018-09-03 03:00:00.000,57.338216,-134.340183,430731866,430266212
2018-09-03 18:00:00.000,57.338233,-134.35415,430731866,430266212
2018-09-03 21:00:00.000,57.339099,-134.354266,430731866,430266212
2018-09-04 00:01:00.000,57.340183,-134.357283,430731866,430266212
2018-09-04 15:01:00.000,57.340116,-134.356766,430731866,430266212
2018-09-04 18:02:00.000,57.338899,-134.354616,430731866,430266212
2018-09-04 21:00:00.000,57.336883,-134.356733,430731866,430266212
2018-09-05 00:00:00.000,57.336699,-134.357066,430731866,430266212
2018-09-05 03:00:00.000,57.334749,-134.357533,430731866,430266212
2018-09-05 15:02:00.000,57.340849,-134.356933,430731866,430266212
2018-09-05 18:02:00.000,57.338933,-134.352866,430731866,430266212
2018-09-05 21:00:00.000,57.336099,-134.35815,430731866,430266212
2018-09-06 00:01:00.000,57.336216,-134.356916,430731866,430266212
2018-09-06 03:02:00.000,57.340099,-134.355966,430731866,430266212
2018-09-06 15:00:00.000,57.340899,-134.35695,430731866,430266212
2018-09-06 21:00:00.000,57.337249,-134.3538,430731866,430266212
2018-09-07 00:01:00.000,57.330616,-134.316882,430731866,430266212
2018-09-07 03:02:00.000,57.343499,-134.326149,430731866,430266212
2018-09-07 21:00:00.000,57.341499,-134.356366,430731866,430266212
2018-09-08 00:00:00.000,57.330549,-134.314766,430731866,430266212
2018-09-08 03:00:00.000,57.340599,-134.350766,430731866,430266212
2018-09-08 18:03:00.000,57.340749,-134.3575,430731866,430266212
2018-09-08 21:01:00.000,57.340566,-134.357416,430731866,430266212
2018-09-09 03:00:00.000,57.340233,-134.3529,430731866,430266212
2018-09-09 15:02:00.000,57.340399,-134.351733,430731866,430266212
2018-09-09 18:01:00.000,57.340766,-134.3566,430731866,430266212
2018-09-09 21:00:00.000,57.339316,-134.35465,430731866,430266212
2018-09-10 00:00:00.000,57.338749,-134.3543,430731866,430266212
2018-09-10 03:02:00.000,57.340483,-134.350733,430731866,430266212
2018-09-10 18:01:00.000,57.339783,-134.354533,430731866,430266212
2018-09-10 21:01:00.000,57.340116,-134.354733,430731866,430266212
2018-09-11 00:01:00.000,57.336016,-134.357433,430731866,430266212
2018-09-11 18:01:00.000,57.338349,-134.354483,430731866,430266212
2018-09-11 21:00:00.000,57.330732,-134.314933,430731866,430266212
2018-09-12 15:00:00.000,57.338266,-134.354316,430731866,430266212
2018-09-12 18:01:00.000,57.336966,-134.356083,430731866,430266212
2018-09-12 21:03:00.000,57.337399,-134.3538,430731866,430266212
2018-09-13 00:01:00.000,57.261183,-134.376416,430731866,430266212
2018-09-13 03:00:00.000,57.138766,-134.305816,430731866,430266212
2018-09-13 15:00:00.000,57.131999,-134.376716,430731866,430266212
2018-09-13 18:03:00.000,57.133132,-134.371999,430731866,430266212
2018-09-13 21:00:00.000,57.129316,-134.392299,430731866,430266212
2018-09-14 00:00:00.000,57.06665,-134.426849,430731866,430266212
2018-09-14 15:00:00.000,57.027199,-134.474899,430731866,430266212
2018-09-14 18:00:00.000,57.027316,-134.474782,430731866,430266212
2018-09-14 21:00:00.000,57.05555,-134.481566,430731866,430266212
2018-09-15 00:00:00.000,56.516433,-134.036733,430731866,430266212
2018-09-15 18:00:00.000,56.517766,-134.034616,430731866,430266212
2018-09-15 21:05:00.000,56.517582,-134.033466,430731866,430266212
2018-09-16 00:01:00.000,56.517999,-134.027049,430731866,430266212
2018-09-16 03:00:00.000,56.518516,-134.031032,430731866,430266212
2018-09-16 18:04:00.000,56.504933,-134.050933,430731866,430266212
2018-09-16 21:00:00.000,56.517016,-134.061016,430731866,430266212
2018-09-17 00:00:00.000,56.526799,-134.017682,430731866,430266212
2018-09-17 03:00:00.000,56.517049,-134.033599,430731866,430266212
2018-09-17 18:04:00.000,56.505083,-134.052083,430731866,430266212
2018-09-18 00:01:00.000,56.503216,-134.049533,430731866,430266212
2018-09-18 15:00:00.000,56.503433,-134.051833,430731866,430266212
2018-09-18 18:00:00.000,56.502666,-134.05195,430731866,430266212
2018-09-18 21:04:00.000,56.5018,-134.055483,430731866,430266212
2018-09-19 00:01:00.000,56.501633,-134.05545,430731866,430266212
2018-09-19 03:00:00.000,56.5068,-134.037949,430731866,430266212
2018-09-19 15:01:00.000,56.503283,-134.058733,430731866,430266212
2018-09-19 18:04:00.000,56.5049,-134.041316,430731866,430266212
2018-09-19 21:00:00.000,56.512983,-134.040099,430731866,430266212
2018-09-20 00:01:00.000,56.522099,-134.017716,430731866,430266212
2018-09-20 03:00:00.000,56.522266,-134.017466,430731866,430266212
2018-09-20 15:04:00.000,56.526499,-134.020632,430731866,430266212
2018-09-20 18:00:00.000,56.519999,-134.024949,430731866,430266212
2018-09-20 21:00:00.000,56.520216,-134.023782,430731866,430266212
2018-09-21 00:01:00.000,56.520982,-134.025749,430731866,430266212
2018-09-21 15:04:00.000,56.516066,-134.039399,430731866,430266212
2018-09-21 18:01:00.000,56.518549,-134.026966,430731866,430266212
2018-09-21 21:01:00.000,56.523416,-134.023866,430731866,430266212
2018-09-22 00:01:00.000,56.523566,-134.023866,430731866,430266212
2018-09-22 15:00:00.000,56.50785,-134.039949,430731866,430266212
2018-09-23 00:01:00.000,56.504716,-134.058366,430731866,430266212
2018-09-23 15:00:00.000,56.503716,-134.055466,430731866,430266212
2018-09-23 18:00:00.000,56.50055,-134.063466,430731866,430266212
2018-09-23 21:04:00.000,56.499599,-134.0627,430731866,430266212
2018-09-24 15:00:00.000,56.50105,-134.056616,430731866,430266212
2018-09-24 18:00:00.000,56.504466,-134.05605,430731866,430266212
2018-09-24 21:00:00.000,56.523532,-134.023799,430731866,430266212
2018-09-25 00:04:00.000,56.523766,-134.023799,430731866,430266212
2018-09-25 18:00:00.000,56.516016,-134.040583,430731866,430266212
2018-09-26 00:01:00.000,56.504616,-134.055983,430731866,430266212
2018-09-26 18:00:00.000,56.499616,-134.06205,430731866,430266212
2018-09-26 21:04:00.000,56.500266,-134.0624,430731866,430266212
2018-09-27 00:01:00.000,56.500183,-134.062516,430731866,430266212
2018-09-27 15:00:00.000,56.505266,-134.054716,430731866,430266212
2018-09-27 18:00:00.000,56.504433,-134.059183,430731866,430266212
2018-09-27 21:04:00.000,56.521016,-134.018666,430731866,430266212
2018-09-28 00:00:00.000,56.522082,-134.016949,430731866,430266212
2018-09-28 15:00:00.000,56.505366,-134.045016,430731866,430266212
2018-09-28 21:00:00.000,56.518882,-134.024182,430731866,430266212
2018-09-29 00:04:00.000,56.518449,-134.024399,430731866,430266212
2018-09-29 15:00:00.000,56.504216,-134.043466,430731866,430266212
2018-09-29 18:00:00.000,56.502883,-134.048199,430731866,430266212
2018-09-29 21:00:00.000,56.504316,-134.046433,430731866,430266212
2018-09-30 00:04:00.000,56.50335,-134.043199,430731866,430266212
2018-09-30 15:00:00.000,56.5057,-134.048583,430731866,430266212
2018-09-30 18:00:00.000,56.505933,-134.052666,430731866,430266212
2018-09-30 21:00:00.000,56.505833,-134.05345,430731866,430266212
2018-09-30 21:14:00.000,56.50535,-134.051933,430731866,430266212
2018-09-30 21:15:00.000,56.50505,-134.0509,430731866,430266212
2018-10-01 18:02:00.000,56.504333,-134.043949,430731866,430266212
2018-10-01 21:00:00.000,56.504383,-134.041216,430731866,430266212
2018-10-02 00:01:00.000,56.51305,-134.039499,430731866,430266212
2018-10-02 15:00:00.000,56.5149,-134.040883,430731866,430266212
2018-10-02 18:04:00.000,56.518332,-134.034266,430731866,430266212
2018-10-02 21:00:00.000,56.520616,-134.024766,430731866,430266212
2018-10-03 15:01:00.000,56.506816,-134.038233,430731866,430266212
2018-10-03 18:00:00.000,56.50405,-134.047533,430731866,430266212
2018-10-04 00:01:00.000,56.504466,-134.040966,430731866,430266212
2018-10-04 15:00:00.000,56.503883,-134.044549,430731866,430266212
2018-10-05 00:01:00.000,56.504866,-134.044883,430731866,430266212
2018-10-05 18:00:00.000,56.504333,-134.046433,430731866,430266212
2018-10-06 00:03:00.000,56.50255,-134.0581,430731866,430266212
2018-10-06 15:00:00.000,56.50415,-134.053166,430731866,430266212
2018-10-06 18:00:00.000,56.502866,-134.0509,430731866,430266212
2018-10-06 21:01:00.000,56.504833,-134.045283,430731866,430266212
2018-10-07 00:03:00.000,56.503033,-134.047866,430731866,430266212
2018-10-07 18:02:00.000,56.5033,-134.043266,430731866,430266212
2018-10-08 00:01:00.000,56.503983,-134.046183,430731866,430266212
2018-10-09 00:02:00.000,56.498633,-134.023616,430731866,430266212
2018-10-09 21:01:00.000,56.499099,-134.036449,430731866,430266212
2018-10-10 00:01:00.000,56.499599,-134.032199,430731866,430266212
2018-10-10 18:02:00.000,56.504666,-134.044899,430731866,430266212
2018-10-10 21:00:00.000,56.504083,-134.044466,430731866,430266212
2018-10-11 00:03:00.000,56.504316,-134.042299,430731866,430266212
2018-10-11 18:00:00.000,56.500083,-134.062116,430731866,430266212
2018-10-12 00:01:00.000,56.505483,-134.046533,430731866,430266212
2018-10-12 18:00:00.000,56.506866,-134.042016,430731866,430266212
2018-10-12 21:03:00.000,56.517832,-134.034916,430731866,430266212
2018-10-13 00:01:00.000,56.51525,-134.040949,430731866,430266212
2018-10-13 18:00:00.000,56.505116,-134.045699,430731866,430266212
2018-10-13 21:00:00.000,56.505166,-134.040566,430731866,430266212
2018-10-14 00:03:00.000,56.50475,-134.041033,430731866,430266212
2018-10-14 18:00:00.000,56.498016,-134.031299,430731866,430266212
2018-10-14 21:00:00.000,56.498016,-134.027632,430731866,430266212
2018-10-15 18:00:00.000,56.505033,-134.044449,430731866,430266212
2018-10-15 21:02:00.000,56.5074,-134.039099,430731866,430266212
2018-10-16 00:02:00.000,56.511233,-134.037483,430731866,430266212
2018-10-16 18:00:00.000,56.518499,-134.031016,430731866,430266212
2018-10-16 21:00:00.000,56.518832,-134.025582,430731866,430266212
2018-10-17 18:00:00.000,56.522932,-134.024282,430731866,430266212
2018-10-18 00:01:00.000,56.527382,-134.020966,430731866,430266212
2018-10-18 18:01:00.000,56.493983,-134.0504,430731866,430266212
2018-10-18 21:00:00.000,56.344433,-133.994433,430731866,430266212
2018-10-19 00:03:00.000,56.308316,-133.893266,430731866,430266212
2018-10-19 18:00:00.000,56.280182,-133.879166,430731866,430266212
2018-10-19 21:00:00.000,56.494666,-133.6647,430731866,430266212
2018-10-20 00:01:00.000,56.405816,-133.0022,430731866,430266212
2018-10-20 18:14:00.000,56.310516,-132.974083,430731866,430266212
2018-10-20 18:15:00.000,56.310366,-132.974117,430731866,430266212
2018-10-20 18:16:00.000,56.31055,-132.974217,430731866,430266212
2018-10-21 00:01:00.000,56.314866,-132.95585,430731866,430266212
2018-10-21 18:00:00.000,56.3139,-132.955683,430731866,430266212
2018-10-21 21:00:00.000,56.313666,-132.955933,430731866,430266212
2018-10-22 00:01:00.000,56.308183,-132.9618,430731866,430266212
2018-11-10 18:25:00.000,56.313966,-133.227649,430731866,430266212
2018-11-11 00:01:00.000,56.327799,-133.25105,430731866,430266212
2018-11-13 00:01:00.000,56.327349,-133.254316,430731866,430266212
2018-11-13 18:00:00.000,56.321782,-133.282966,430731866,430266212
2018-11-14 00:01:00.000,56.329399,-133.3153,430731866,430266212
2018-11-14 18:00:00.000,56.3098,-133.286533,430731866,430266212
2018-11-15 00:01:00.000,56.312233,-133.242399,430731866,430266212
2018-11-15 18:00:00.000,56.31185,-133.265816,430731866,430266212
2018-11-16 00:01:00.000,56.300166,-133.2662,430731866,430266212
2018-11-16 18:00:00.000,56.2604,-133.188383,430731866,430266212
2018-11-17 00:01:00.000,56.273699,-133.184833,430731866,430266212
2018-11-17 18:00:00.000,56.3094,-133.239616,430731866,430266212
2018-11-19 00:11:00.000,56.336233,-133.202633,430731866,430266212
2018-11-20 00:01:00.000,56.218849,-133.221816,430731866,430266212
2018-11-20 18:00:00.000,56.222382,-133.205066,430731866,430266212
2018-11-21 00:00:00.000,56.231532,-133.157133,430731866,430266212
2018-11-21 18:00:00.000,56.239216,-133.167149,430731866,430266212
2018-11-22 00:01:00.000,56.26245,-133.186299,430731866,430266212
2018-11-22 18:00:00.000,56.261066,-133.196049,430731866,430266212
2018-11-23 18:00:00.000,56.25945,-133.196933,430731866,430266212
2018-11-24 00:01:00.000,56.268082,-133.185783,430731866,430266212
2018-11-24 18:01:00.000,56.270632,-133.175382,430731866,430266212
2018-11-25 00:01:00.000,56.269916,-133.177832,430731866,430266212
2018-11-25 18:00:00.000,56.257416,-133.228999,430731866,430266212
2018-11-26 18:01:00.000,56.325316,-133.264416,430731866,430266212
2018-11-27 00:01:00.000,56.325266,-133.263816,430731866,430266212
2018-11-28 00:01:00.000,56.327299,-133.273982,430731866,430266212
2018-11-28 18:01:00.000,56.336149,-133.273149,430731866,430266212
2018-11-29 00:01:00.000,56.332116,-133.278116,430731866,430266212
2018-12-01 21:02:00.000,56.215316,-133.254266,430731866,430266212
2018-12-02 18:01:00.000,56.298066,-133.1542,430731866,430266212
2018-12-03 00:01:00.000,56.288433,-133.142233,430731866,430266212
2018-12-03 18:00:00.000,56.272016,-133.184816,430731866,430266212
2018-12-04 00:01:00.000,56.302316,-133.180632,430731866,430266212
2018-12-04 18:00:00.000,56.318099,-133.165883,430731866,430266212
2018-12-05 00:01:00.000,56.314566,-133.1576,430731866,430266212
2018-12-05 18:01:00.000,56.306066,-133.190049,430731866,430266212
2018-12-06 00:01:00.000,56.316483,-133.161383,430731866,430266212
2018-12-06 18:00:00.000,56.317116,-133.1616,430731866,430266212
2018-12-07 18:00:00.000,56.316616,-133.161466,430731866,430266212
2018-12-09 00:01:00.000,56.316616,-133.16265,430731866,430266212
2018-12-09 18:00:00.000,56.316516,-133.161783,430731866,430266212
2018-12-10 00:01:00.000,56.317899,-133.163866,430731866,430266212
2018-12-10 18:00:00.000,56.313466,-133.157283,430731866,430266212
2018-12-11 18:00:00.000,56.316533,-133.161466,430731866,430266212
2018-12-12 18:00:00.000,56.316316,-133.161133,430731866,430266212
2018-12-13 00:01:00.000,56.317999,-133.16415,430731866,430266212
2018-12-13 18:00:00.000,56.314616,-133.157616,430731866,430266212
2018-12-14 00:01:00.000,56.31625,-133.160683,430731866,430266212
2018-12-14 18:00:00.000,56.3166,-133.161316,430731866,430266212
2018-12-15 00:01:00.000,56.316583,-133.16145,430731866,430266212
2018-12-15 18:00:00.000,56.321549,-133.174916,430731866,430266212
2018-12-16 18:00:00.000,56.314583,-133.157766,430731866,430266212
2018-12-17 18:00:00.000,56.31655,-133.16145,430731866,430266212
2018-12-18 00:01:00.000,56.316516,-133.1615,430731866,430266212
2018-12-18 18:00:00.000,56.317982,-133.163816,430731866,430266212
2018-12-29 00:17:00.000,56.318182,-133.16585,430731866,430266212
2018-12-29 18:00:00.000,56.314616,-133.157833,430731866,430266212
2018-12-29 21:00:00.000,56.316716,-133.161716,430731866,430266212
2018-12-30 00:01:00.000,56.317982,-133.163683,430731866,430266212
2018-12-30 18:00:00.000,56.300366,-133.150566,430731866,430266212
2018-12-30 21:00:00.000,56.316799,-133.160316,430731866,430266212
2018-12-31 00:01:00.000,56.31615,-133.160783,430731866,430266212
2018-12-31 21:00:00.000,56.324749,-133.304866,430731866,430266212
2019-01-01 00:01:00.000,56.334233,-133.329349,430731866,430266212
2019-01-01 18:01:00.000,56.3155,-133.3143,430731866,430266212
2019-01-02 18:00:00.000,56.318866,-133.170782,430731866,430266212
2019-01-03 00:01:00.000,56.248199,-133.083249,430731866,430266212
2019-01-03 18:00:00.000,56.162866,-132.988599,430731866,430266212
2019-01-04 00:01:00.000,55.778667,-132.480066,430731866,430266212
2019-01-05 00:01:00.000,55.722317,-132.450366,430731866,430266212
2019-01-05 18:00:00.000,55.341849,-131.914616,430731866,430266212
2019-01-05 21:00:00.000,54.889166,-131.318982,430731866,430266212
2019-01-06 00:01:00.000,54.127849,-130.793266,430731866,430266212
2019-01-06 18:01:00.000,53.645949,-130.363733,430731866,430266212
2019-01-06 21:00:00.000,52.927149,-129.154216,430731866,430266212
2019-01-07 00:01:00.000,52.273099,-128.405233,430731866,430266212
2019-01-07 18:00:00.000,52.224032,-128.268532,430731866,430266212
2019-01-07 21:00:00.000,52.182199,-128.238099,430731866,430266212
2019-01-08 00:01:00.000,52.180249,-128.241966,430731866,430266212
2019-01-08 18:01:00.000,52.180449,-128.242433,430731866,430266212
2019-01-08 21:00:00.000,52.183583,-128.237099,430731866,430266212
2019-01-09 00:01:00.000,52.192216,-128.200316,430731866,430266212
2019-01-09 18:00:00.000,52.151966,-128.143783,430731866,430266212
2019-01-09 21:00:00.000,51.72545,-127.996533,430731866,430266212
2019-01-10 18:00:00.000,51.66365,-127.96455,430731866,430266212
2019-01-10 21:00:00.000,51.442533,-127.552083,430731866,430266212
2019-01-11 00:01:00.000,51.376599,-127.452066,430731866,430266212
2019-01-11 18:00:00.000,51.285316,-127.284599,430731866,430266212
2019-01-11 21:00:00.000,50.888016,-127.245266,430731866,430266212
2019-01-12 00:01:00.000,50.786749,-126.916066,430731866,430266212
2019-01-12 18:01:00.000,50.800666,-126.864616,430731866,430266212
2019-01-12 21:00:00.000,50.787849,-126.530749,430731866,430266212
2019-01-13 00:01:00.000,50.649333,-126.451666,430731866,430266212
2019-01-13 18:00:00.000,50.610016,-126.356516,430731866,430266212
2019-01-14 00:01:00.000,50.482399,-126.074449,430731866,430266212
2019-01-15 00:01:00.000,50.486099,-125.894566,430731866,430266212
2019-01-16 00:01:00.000,50.479082,-125.869799,430731866,430266212
2019-01-17 00:03:00.000,50.462583,-125.875849,430731866,430266212
2019-01-18 00:05:00.000,50.4093,-125.70465,430731866,430266212
2019-01-19 00:01:00.000,50.391433,-125.157416,430731866,430266212
2019-01-20 00:01:00.000,50.386599,-125.154983,430731866,430266212
2019-01-22 00:01:00.000,50.391733,-125.15945,430731866,430266212
2019-01-22 06:01:00.000,50.392166,-125.159116,430731866,430266212
2019-01-22 12:00:00.000,50.391666,-125.159066,430731866,430266212
2019-01-22 18:00:00.000,50.394833,-125.147283,430731866,430266212
2019-01-23 00:01:00.000,50.394566,-125.154183,430731866,430266212
2019-01-23 06:00:00.000,50.394849,-125.1546,430731866,430266212
2019-01-23 12:01:00.000,50.394733,-125.15395,430731866,430266212
2019-01-23 18:00:00.000,50.394149,-125.1564,430731866,430266212
2019-01-24 00:01:00.000,50.395483,-125.154616,430731866,430266212
2019-01-24 06:01:00.000,50.395999,-125.158,430731866,430266212
2019-01-24 12:00:00.000,50.396549,-125.157433,430731866,430266212
2019-01-24 18:00:00.000,50.395149,-125.159966,430731866,430266212
2019-01-25 00:01:00.000,50.394483,-125.147416,430731866,430266212
2019-01-25 06:02:00.000,50.384116,-125.145149,430731866,430266212
2019-01-25 12:01:00.000,50.384166,-125.145016,430731866,430266212
2019-01-25 18:00:00.000,50.394999,-125.147499,430731866,430266212
2019-01-26 00:01:00.000,50.395499,-125.144566,430731866,430266212
2019-01-26 00:10:00.000,50.395516,-125.144533,430731866,430266212
2019-01-26 00:11:00.000,50.395566,-125.144449,430731866,430266212
2019-01-26 06:03:00.000,50.396266,-125.156883,430731866,430266212
2019-01-26 12:00:00.000,50.396099,-125.156966,430731866,430266212
2019-01-26 18:00:00.000,50.394166,-125.155483,430731866,430266212
2019-01-27 00:01:00.000,50.385816,-125.15825,430731866,430266212
2019-01-27 06:02:00.000,50.386449,-125.15775,430731866,430266212
2019-01-27 12:00:00.000,50.386433,-125.157766,430731866,430266212
2019-01-27 18:01:00.000,50.384916,-125.158383,430731866,430266212
2019-01-28 00:01:00.000,50.385816,-125.15845,430731866,430266212
2019-01-28 06:02:00.000,50.384216,-125.157716,430731866,430266212
2019-01-28 12:00:00.000,50.384316,-125.15765,430731866,430266212
2019-01-28 18:01:00.000,50.385283,-125.157816,430731866,430266212
2019-01-29 00:01:00.000,50.181449,-125.01575,430731866,430266212
2019-01-29 06:01:00.000,50.183016,-125.020082,430731866,430266212
2019-01-29 12:00:00.000,50.182649,-125.019782,430731866,430266212
2019-01-29 18:00:00.000,50.180249,-125.035133,430731866,430266212
2019-01-30 00:00:00.000,50.192016,-125.012266,430731866,430266212
2019-01-30 06:05:00.000,50.191883,-125.01305,430731866,430266212
2019-01-30 12:02:00.000,50.192066,-125.013333,430731866,430266212
2019-01-30 18:00:00.000,50.191749,-125.0133,430731866,430266212
2019-01-31 00:01:00.000,50.189599,-124.9776,430731866,430266212
2019-02-01 00:01:00.000,50.1636,-125.000283,430731866,430266212
2019-02-02 00:01:00.000,50.154716,-125.0133,430731866,430266212
2019-02-03 00:01:00.000,49.488033,-123.712933,430731866,430266212
2019-02-04 00:01:00.000,49.488283,-123.713,430731866,430266212
2019-02-05 00:00:00.000,49.26035,-122.707016,430731866,430266212
2019-02-06 00:00:00.000,49.252933,-122.653683,430731866,430266212
2019-02-08 00:01:00.000,49.191233,-122.365816,430731866,430266212
2019-02-09 00:00:00.000,49.191499,-122.366083,430731866,430266212
2019-02-11 00:00:00.000,49.074949,-122.298949,430731866,430266212
2019-02-12 00:00:00.000,49.026566,-122.233799,430731866,430266212
2019-02-13 00:00:00.000,49.031449,-122.227132,430731866,430266212
2019-02-14 00:00:00.000,48.515883,-121.992899,430731866,430266212
2019-02-15 00:00:00.000,48.516616,-121.942716,430731866,430266212
2019-02-16 00:00:00.000,48.516716,-121.942899,430731866,430266212
2019-02-17 00:01:00.000,48.520199,-121.939583,430731866,430266212
2019-02-18 00:01:00.000,48.466749,-121.569316,430731866,430266212
2019-02-19 00:00:00.000,48.465883,-121.569099,430731866,430266212
2019-02-20 00:00:00.000,48.466782,-121.568182,430731866,430266212
2019-02-21 00:00:00.000,48.466166,-121.569716,430731866,430266212
2019-02-24 12:12:00.000,48.467416,-121.569832,430731866,430266212
2019-02-25 00:01:00.000,48.318449,-121.539533,430731866,430266212
2019-02-26 00:01:00.000,48.310033,-121.521766,430731866,430266212
2019-02-27 00:00:00.000,48.309433,-121.530482,430731866,430266212
2019-02-28 00:00:00.000,48.306183,-121.531616,430731866,430266212
2019-03-01 00:00:00.000,48.296383,-121.547566,430731866,430266212
2019-03-02 00:00:00.000,49.057,-122.040549,430731866,430266212
2019-03-03 00:00:00.000,49.973483,-124.283066,430731866,430266212
2019-03-04 00:00:00.000,50.425832,-125.216832,430731866,430266212
2019-03-05 00:00:00.000,52.06315,-127.8165,430731866,430266212
2019-03-06 00:00:00.000,53.7202,-129.879299,430731866,430266212
2019-03-07 00:00:00.000,55.221566,-131.149116,430731866,430266212
2019-03-08 00:00:00.000,55.380299,-131.428766,430731866,430266212
2019-03-09 00:00:00.000,55.742833,-131.641733,430731866,430266212
2019-03-10 00:00:00.000,56.439549,-132.194866,430731866,430266212
2019-03-11 00:00:00.000,56.595283,-132.413183,430731866,430266212
2019-03-12 00:00:00.000,56.618149,-132.519766,430731866,430266212
2019-03-13 00:01:00.000,56.617949,-132.519799,430731866,430266212
2019-03-14 00:01:00.000,56.617449,-132.517566,430731866,430266212
2019-03-15 00:00:00.000,56.431049,-132.796399,430731866,430266212
2019-03-16 00:01:00.000,56.436099,-132.766633,430731866,430266212
2019-03-17 00:01:00.000,56.443149,-132.784766,430731866,430266212
2019-03-19 00:00:00.000,56.451133,-132.767667,430731866,430266212
2019-03-20 00:00:00.000,56.610566,-132.399566,430731866,430266212
2019-03-21 00:01:00.000,56.584983,-132.41535,430731866,430266212
2019-03-22 00:00:00.000,56.643683,-132.335699,430731866,430266212
2019-03-23 00:00:00.000,56.625416,-132.389816,430731866,430266212
2019-03-24 00:00:00.000,56.653083,-132.391083,430731866,430266212
2019-03-25 00:00:00.000,56.630449,-132.372732,430731866,430266212
2019-03-25 00:07:00.000,56.630366,-132.372516,430731866,430266212
2019-03-26 00:00:00.000,56.617532,-132.400383,430731866,430266212
2019-03-27 00:00:00.000,56.543349,-132.448783,430731866,430266212
2019-03-28 00:00:00.000,56.538299,-132.444716,430731866,430266212
2019-03-29 00:00:00.000,56.637366,-132.465733,430731866,430266212
