<esri:Workspace xmlns:esri='http://www.esri.com/schemas/ArcGIS/10.5' xmlns:xsi='http://www.w3.org/2001/XMLSchema-instance' xmlns:xs='http://www.w3.org/2001/XMLSchema'><WorkspaceDefinition xsi:type='esri:WorkspaceDefinition'><WorkspaceType>esriLocalDatabaseWorkspace</WorkspaceType><Version></Version><Domains xsi:type='esri:ArrayOfDomain'></Domains><DatasetDefinitions xsi:type='esri:ArrayOfDataElement'><DataElement xsi:type='esri:DETable'><CatalogPath>/OC=PointsOfInterest__ATTACH</CatalogPath><Name>PointsOfInterest__ATTACH</Name><MetadataRetrieved>true</MetadataRetrieved><Metadata xsi:type='esri:XmlPropertySet'><XmlDoc>&lt;metadata xml:lang=&quot;en&quot;&gt;&lt;Esri&gt;&lt;CreaDate&gt;20140807&lt;/CreaDate&gt;&lt;CreaTime&gt;15082700&lt;/CreaTime&gt;&lt;ArcGISFormat&gt;1.0&lt;/ArcGISFormat&gt;&lt;SyncOnce&gt;TRUE&lt;/SyncOnce&gt;&lt;DataProperties&gt;&lt;lineage&gt;&lt;Process ToolSource=&quot;c:\program files (x86)\arcgis\desktop10.4\ArcToolbox\Toolboxes\Data Management Tools.tbx\TruncateTable&quot; Date=&quot;20160527&quot; Time=&quot;083934&quot;&gt;TruncateTable &quot;C:\Users\hsamson\Documents\KB Workspaces\Attachments\Attachments.gdb\PointsOfInterest__ATTACH&quot;&lt;/Process&gt;&lt;Process ToolSource=&quot;c:\program files (x86)\arcgis\desktop10.4\ArcToolbox\Toolboxes\Data Management Tools.tbx\TruncateTable&quot; Date=&quot;20160527&quot; Time=&quot;084802&quot;&gt;TruncateTable &quot;C:\Users\hsamson\Documents\KB Workspaces\Attachments\Attachments.gdb\PointsOfInterest__ATTACH&quot;&lt;/Process&gt;&lt;Process ToolSource=&quot;c:\program files (x86)\arcgis\desktop10.4\ArcToolbox\Toolboxes\Data Management Tools.tbx\TruncateTable&quot; Date=&quot;20160527&quot; Time=&quot;091816&quot;&gt;TruncateTable &quot;C:\Users\hsamson\Documents\KB Workspaces\Attachments\Attachments.gdb\PointsOfInterest__ATTACH&quot;&lt;/Process&gt;&lt;Process ToolSource=&quot;c:\program files (x86)\arcgis\desktop10.4\ArcToolbox\Toolboxes\Data Management Tools.tbx\TruncateTable&quot; Date=&quot;20160527&quot; Time=&quot;093320&quot;&gt;TruncateTable &quot;C:\Users\hsamson\Documents\KB Workspaces\Attachments\Attachments.gdb\PointsOfInterest__ATTACH&quot;&lt;/Process&gt;&lt;Process ToolSource=&quot;c:\program files (x86)\arcgis\desktop10.4\ArcToolbox\Toolboxes\Data Management Tools.tbx\TruncateTable&quot; Date=&quot;20160527&quot; Time=&quot;094155&quot;&gt;TruncateTable &quot;C:\Users\hsamson\Documents\KB Workspaces\Attachments\Attachments.gdb\PointsOfInterest__ATTACH&quot;&lt;/Process&gt;&lt;/lineage&gt;&lt;/DataProperties&gt;&lt;/Esri&gt;&lt;/metadata&gt;
</XmlDoc></Metadata><DatasetType>esriDTTable</DatasetType><DSID>24</DSID><Versioned>false</Versioned><CanVersion>false</CanVersion><ConfigurationKeyword></ConfigurationKeyword><HasOID>true</HasOID><OIDFieldName>ATTACHMENTID</OIDFieldName><Fields xsi:type='esri:Fields'><FieldArray xsi:type='esri:ArrayOfField'><Field xsi:type='esri:Field'><Name>ATTACHMENTID</Name><Type>esriFieldTypeOID</Type><IsNullable>false</IsNullable><Length>4</Length><Precision>0</Precision><Scale>0</Scale><Required>true</Required><Editable>false</Editable><AliasName>ATTACHMENTID</AliasName><ModelName>ATTACHMENTID</ModelName></Field><Field xsi:type='esri:Field'><Name>REL_OBJECTID</Name><Type>esriFieldTypeInteger</Type><IsNullable>false</IsNullable><Length>4</Length><Precision>0</Precision><Scale>0</Scale><AliasName>REL_OBJECTID</AliasName><ModelName>REL_OBJECTID</ModelName></Field><Field xsi:type='esri:Field'><Name>CONTENT_TYPE</Name><Type>esriFieldTypeString</Type><IsNullable>false</IsNullable><Length>150</Length><Precision>0</Precision><Scale>0</Scale><AliasName>CONTENT_TYPE</AliasName><ModelName>CONTENT_TYPE</ModelName></Field><Field xsi:type='esri:Field'><Name>ATT_NAME</Name><Type>esriFieldTypeString</Type><IsNullable>false</IsNullable><Length>250</Length><Precision>0</Precision><Scale>0</Scale><AliasName>ATT_NAME</AliasName><ModelName>ATT_NAME</ModelName></Field><Field xsi:type='esri:Field'><Name>DATA_SIZE</Name><Type>esriFieldTypeInteger</Type><IsNullable>false</IsNullable><Length>4</Length><Precision>0</Precision><Scale>0</Scale><AliasName>DATA_SIZE</AliasName><ModelName>DATA_SIZE</ModelName></Field><Field xsi:type='esri:Field'><Name>DATA</Name><Type>esriFieldTypeBlob</Type><IsNullable>true</IsNullable><Length>0</Length><Precision>0</Precision><Scale>0</Scale><AliasName>DATA</AliasName><ModelName>DATA</ModelName></Field></FieldArray></Fields><Indexes xsi:type='esri:Indexes'><IndexArray xsi:type='esri:ArrayOfIndex'><Index xsi:type='esri:Index'><Name>FDO_ATTACHMENTID</Name><IsUnique>true</IsUnique><IsAscending>true</IsAscending><Fields xsi:type='esri:Fields'><FieldArray xsi:type='esri:ArrayOfField'><Field xsi:type='esri:Field'><Name>ATTACHMENTID</Name><Type>esriFieldTypeOID</Type><IsNullable>false</IsNullable><Length>4</Length><Precision>0</Precision><Scale>0</Scale><Required>true</Required><Editable>false</Editable><AliasName>ATTACHMENTID</AliasName><ModelName>ATTACHMENTID</ModelName></Field></FieldArray></Fields></Index><Index xsi:type='esri:Index'><Name>G24REL_OBJECTID</Name><IsUnique>false</IsUnique><IsAscending>true</IsAscending><Fields xsi:type='esri:Fields'><FieldArray xsi:type='esri:ArrayOfField'><Field xsi:type='esri:Field'><Name>REL_OBJECTID</Name><Type>esriFieldTypeInteger</Type><IsNullable>false</IsNullable><Length>4</Length><Precision>0</Precision><Scale>0</Scale><AliasName>REL_OBJECTID</AliasName><ModelName>REL_OBJECTID</ModelName></Field></FieldArray></Fields></Index></IndexArray></Indexes><CLSID>{7A566981-C114-11D2-8A28-006097AFF44E}</CLSID><EXTCLSID></EXTCLSID><RelationshipClassNames xsi:type='esri:Names'><Name>PointsOfInterest__ATTACHREL</Name></RelationshipClassNames><AliasName>PointsOfInterest__ATTACH</AliasName><ModelName></ModelName><HasGlobalID>false</HasGlobalID><GlobalIDFieldName></GlobalIDFieldName><RasterFieldName></RasterFieldName><ExtensionProperties xsi:type='esri:PropertySet'><PropertyArray xsi:type='esri:ArrayOfPropertySetProperty'></PropertyArray></ExtensionProperties><ControllerMemberships xsi:type='esri:ArrayOfControllerMembership'></ControllerMemberships><EditorTrackingEnabled>false</EditorTrackingEnabled><CreatorFieldName></CreatorFieldName><CreatedAtFieldName></CreatedAtFieldName><EditorFieldName></EditorFieldName><EditedAtFieldName></EditedAtFieldName><IsTimeInUTC>true</IsTimeInUTC><ChangeTracked>false</ChangeTracked><FieldFilteringEnabled>false</FieldFilteringEnabled><FilteredFieldNames xsi:type='esri:Names'></FilteredFieldNames></DataElement><DataElement xsi:type='esri:DEFeatureDataset'><CatalogPath>/FD=City</CatalogPath><Name>City</Name><MetadataRetrieved>true</MetadataRetrieved><Metadata xsi:type='esri:XmlPropertySet'><XmlDoc>&lt;metadata xml:lang=&quot;en&quot;&gt;&lt;Esri&gt;&lt;CreaDate&gt;20130730&lt;/CreaDate&gt;&lt;CreaTime&gt;16383900&lt;/CreaTime&gt;&lt;ArcGISFormat&gt;1.0&lt;/ArcGISFormat&gt;&lt;ArcGISstyle&gt;ISO 19139 Metadata Implementation Specification&lt;/ArcGISstyle&gt;&lt;SyncOnce&gt;TRUE&lt;/SyncOnce&gt;&lt;/Esri&gt;&lt;/metadata&gt;
</XmlDoc></Metadata><Children xsi:type='esri:ArrayOfDataElement'><DataElement xsi:type='esri:DEFeatureClass'><CatalogPath>/FD=City/FC=PointsOfInterest</CatalogPath><Name>PointsOfInterest</Name><MetadataRetrieved>true</MetadataRetrieved><Metadata xsi:type='esri:XmlPropertySet'><XmlDoc>&lt;metadata xml:lang=&quot;en&quot;&gt;&lt;Esri&gt;&lt;CreaDate&gt;20160527&lt;/CreaDate&gt;&lt;CreaTime&gt;08392500&lt;/CreaTime&gt;&lt;ArcGISFormat&gt;1.0&lt;/ArcGISFormat&gt;&lt;SyncOnce&gt;TRUE&lt;/SyncOnce&gt;&lt;DataProperties&gt;&lt;lineage&gt;&lt;Process ToolSource=&quot;c:\program files (x86)\arcgis\desktop10.4\ArcToolbox\Toolboxes\Data Management Tools.tbx\TruncateTable&quot; Date=&quot;20160527&quot; Time=&quot;083925&quot;&gt;TruncateTable &quot;C:\Users\hsamson\Documents\KB Workspaces\Attachments\Attachments.gdb\City\PointsOfInterest&quot;&lt;/Process&gt;&lt;Process ToolSource=&quot;c:\program files (x86)\arcgis\desktop10.4\ArcToolbox\Toolboxes\Data Management Tools.tbx\TruncateTable&quot; Date=&quot;20160527&quot; Time=&quot;084752&quot;&gt;TruncateTable &quot;C:\Users\hsamson\Documents\KB Workspaces\Attachments\Attachments.gdb\City\PointsOfInterest&quot;&lt;/Process&gt;&lt;Process ToolSource=&quot;c:\program files (x86)\arcgis\desktop10.4\ArcToolbox\Toolboxes\Data Management Tools.tbx\TruncateTable&quot; Date=&quot;20160527&quot; Time=&quot;091808&quot;&gt;TruncateTable &quot;C:\Users\hsamson\Documents\KB Workspaces\Attachments\Attachments.gdb\City\PointsOfInterest&quot;&lt;/Process&gt;&lt;Process ToolSource=&quot;c:\program files (x86)\arcgis\desktop10.4\ArcToolbox\Toolboxes\Data Management Tools.tbx\TruncateTable&quot; Date=&quot;20160527&quot; Time=&quot;093307&quot;&gt;TruncateTable &quot;C:\Users\hsamson\Documents\KB Workspaces\Attachments\Attachments.gdb\City\PointsOfInterest&quot;&lt;/Process&gt;&lt;Process ToolSource=&quot;c:\program files (x86)\arcgis\desktop10.4\ArcToolbox\Toolboxes\Data Management Tools.tbx\TruncateTable&quot; Date=&quot;20160527&quot; Time=&quot;094140&quot;&gt;TruncateTable &quot;C:\Users\hsamson\Documents\KB Workspaces\Attachments\Attachments.gdb\City\PointsOfInterest&quot;&lt;/Process&gt;&lt;/lineage&gt;&lt;/DataProperties&gt;&lt;/Esri&gt;&lt;/metadata&gt;
</XmlDoc></Metadata><DatasetType>esriDTFeatureClass</DatasetType><DSID>29</DSID><Versioned>false</Versioned><CanVersion>false</CanVersion><ConfigurationKeyword></ConfigurationKeyword><HasOID>true</HasOID><OIDFieldName>OBJECTID</OIDFieldName><Fields xsi:type='esri:Fields'><FieldArray xsi:type='esri:ArrayOfField'><Field xsi:type='esri:Field'><Name>OBJECTID</Name><Type>esriFieldTypeOID</Type><IsNullable>false</IsNullable><Length>4</Length><Precision>0</Precision><Scale>0</Scale><Required>true</Required><Editable>false</Editable><DomainFixed>true</DomainFixed><AliasName>OBJECTID</AliasName><ModelName>OBJECTID</ModelName></Field><Field xsi:type='esri:Field'><Name>SHAPE</Name><Type>esriFieldTypeGeometry</Type><IsNullable>true</IsNullable><Length>0</Length><Precision>0</Precision><Scale>0</Scale><Required>true</Required><DomainFixed>true</DomainFixed><GeometryDef xsi:type='esri:GeometryDef'><AvgNumPoints>0</AvgNumPoints><GeometryType>esriGeometryPoint</GeometryType><HasM>false</HasM><HasZ>false</HasZ><SpatialReference xsi:type='esri:ProjectedCoordinateSystem'><WKT>PROJCS[&quot;NAD_1983_UTM_Zone_10N&quot;,GEOGCS[&quot;GCS_North_American_1983&quot;,DATUM[&quot;D_North_American_1983&quot;,SPHEROID[&quot;GRS_1980&quot;,6378137.0,298.257222101]],PRIMEM[&quot;Greenwich&quot;,0.0],UNIT[&quot;Degree&quot;,0.0174532925199433]],PROJECTION[&quot;Transverse_Mercator&quot;],PARAMETER[&quot;False_Easting&quot;,500000.0],PARAMETER[&quot;False_Northing&quot;,0.0],PARAMETER[&quot;Central_Meridian&quot;,-123.0],PARAMETER[&quot;Scale_Factor&quot;,0.9996],PARAMETER[&quot;Latitude_Of_Origin&quot;,0.0],UNIT[&quot;Meter&quot;,1.0],AUTHORITY[&quot;EPSG&quot;,26910]]</WKT><XOrigin>-5120900</XOrigin><YOrigin>-9998100</YOrigin><XYScale>10000</XYScale><ZOrigin>-100000</ZOrigin><ZScale>10000</ZScale><MOrigin>-100000</MOrigin><MScale>10000</MScale><XYTolerance>0.001</XYTolerance><ZTolerance>0.001</ZTolerance><MTolerance>0.001</MTolerance><HighPrecision>true</HighPrecision><WKID>26910</WKID><LatestWKID>26910</LatestWKID></SpatialReference><GridSize0>917.4703171366408</GridSize0></GeometryDef><AliasName>SHAPE</AliasName><ModelName>SHAPE</ModelName></Field><Field xsi:type='esri:Field'><Name>GUID</Name><Type>esriFieldTypeGUID</Type><IsNullable>true</IsNullable><Length>38</Length><Precision>0</Precision><Scale>0</Scale><AliasName>GUID</AliasName><ModelName>GUID</ModelName></Field><Field xsi:type='esri:Field'><Name>POIType</Name><Type>esriFieldTypeString</Type><IsNullable>true</IsNullable><Length>50</Length><Precision>0</Precision><Scale>0</Scale><AliasName>POIType</AliasName><ModelName>POIType</ModelName></Field><Field xsi:type='esri:Field'><Name>Street</Name><Type>esriFieldTypeString</Type><IsNullable>true</IsNullable><Length>50</Length><Precision>0</Precision><Scale>0</Scale><AliasName>Street</AliasName><ModelName>Street</ModelName></Field><Field xsi:type='esri:Field'><Name>City</Name><Type>esriFieldTypeString</Type><IsNullable>true</IsNullable><Length>50</Length><Precision>0</Precision><Scale>0</Scale><AliasName>City</AliasName><ModelName>City</ModelName></Field><Field xsi:type='esri:Field'><Name>State</Name><Type>esriFieldTypeString</Type><IsNullable>true</IsNullable><Length>5</Length><Precision>0</Precision><Scale>0</Scale><AliasName>State</AliasName><ModelName>State</ModelName></Field><Field xsi:type='esri:Field'><Name>Country</Name><Type>esriFieldTypeString</Type><IsNullable>true</IsNullable><Length>50</Length><Precision>0</Precision><Scale>0</Scale><AliasName>Country</AliasName><ModelName>Country</ModelName></Field><Field xsi:type='esri:Field'><Name>PostalCode</Name><Type>esriFieldTypeString</Type><IsNullable>true</IsNullable><Length>7</Length><Precision>0</Precision><Scale>0</Scale><AliasName>PostalCode</AliasName><ModelName>PostalCode</ModelName></Field><Field xsi:type='esri:Field'><Name>Description</Name><Type>esriFieldTypeString</Type><IsNullable>true</IsNullable><Length>100</Length><Precision>0</Precision><Scale>0</Scale><AliasName>Description</AliasName><ModelName>Description</ModelName></Field><Field xsi:type='esri:Field'><Name>Phone</Name><Type>esriFieldTypeString</Type><IsNullable>true</IsNullable><Length>10</Length><Precision>0</Precision><Scale>0</Scale><AliasName>Phone</AliasName><ModelName>Phone</ModelName></Field><Field xsi:type='esri:Field'><Name>Website</Name><Type>esriFieldTypeString</Type><IsNullable>true</IsNullable><Length>80</Length><Precision>0</Precision><Scale>0</Scale><AliasName>Website</AliasName><ModelName>Website</ModelName></Field><Field xsi:type='esri:Field'><Name>Name</Name><Type>esriFieldTypeString</Type><IsNullable>true</IsNullable><Length>50</Length><Precision>0</Precision><Scale>0</Scale><AliasName>Name</AliasName><ModelName>Name</ModelName></Field></FieldArray></Fields><Indexes xsi:type='esri:Indexes'><IndexArray xsi:type='esri:ArrayOfIndex'><Index xsi:type='esri:Index'><Name>FDO_OBJECTID</Name><IsUnique>true</IsUnique><IsAscending>true</IsAscending><Fields xsi:type='esri:Fields'><FieldArray xsi:type='esri:ArrayOfField'><Field xsi:type='esri:Field'><Name>OBJECTID</Name><Type>esriFieldTypeOID</Type><IsNullable>false</IsNullable><Length>4</Length><Precision>0</Precision><Scale>0</Scale><Required>true</Required><Editable>false</Editable><DomainFixed>true</DomainFixed><AliasName>OBJECTID</AliasName><ModelName>OBJECTID</ModelName></Field></FieldArray></Fields></Index><Index xsi:type='esri:Index'><Name>FDO_SHAPE</Name><IsUnique>false</IsUnique><IsAscending>true</IsAscending><Fields xsi:type='esri:Fields'><FieldArray xsi:type='esri:ArrayOfField'><Field xsi:type='esri:Field'><Name>SHAPE</Name><Type>esriFieldTypeGeometry</Type><IsNullable>true</IsNullable><Length>0</Length><Precision>0</Precision><Scale>0</Scale><Required>true</Required><DomainFixed>true</DomainFixed><GeometryDef xsi:type='esri:GeometryDef'><AvgNumPoints>0</AvgNumPoints><GeometryType>esriGeometryPoint</GeometryType><HasM>false</HasM><HasZ>false</HasZ><SpatialReference xsi:type='esri:ProjectedCoordinateSystem'><WKT>PROJCS[&quot;NAD_1983_UTM_Zone_10N&quot;,GEOGCS[&quot;GCS_North_American_1983&quot;,DATUM[&quot;D_North_American_1983&quot;,SPHEROID[&quot;GRS_1980&quot;,6378137.0,298.257222101]],PRIMEM[&quot;Greenwich&quot;,0.0],UNIT[&quot;Degree&quot;,0.0174532925199433]],PROJECTION[&quot;Transverse_Mercator&quot;],PARAMETER[&quot;False_Easting&quot;,500000.0],PARAMETER[&quot;False_Northing&quot;,0.0],PARAMETER[&quot;Central_Meridian&quot;,-123.0],PARAMETER[&quot;Scale_Factor&quot;,0.9996],PARAMETER[&quot;Latitude_Of_Origin&quot;,0.0],UNIT[&quot;Meter&quot;,1.0],AUTHORITY[&quot;EPSG&quot;,26910]]</WKT><XOrigin>-5120900</XOrigin><YOrigin>-9998100</YOrigin><XYScale>10000</XYScale><ZOrigin>-100000</ZOrigin><ZScale>10000</ZScale><MOrigin>-100000</MOrigin><MScale>10000</MScale><XYTolerance>0.001</XYTolerance><ZTolerance>0.001</ZTolerance><MTolerance>0.001</MTolerance><HighPrecision>true</HighPrecision><WKID>26910</WKID><LatestWKID>26910</LatestWKID></SpatialReference><GridSize0>917.4703171366408</GridSize0></GeometryDef><AliasName>SHAPE</AliasName><ModelName>SHAPE</ModelName></Field></FieldArray></Fields></Index><Index xsi:type='esri:Index'><Name>G29GUID</Name><IsUnique>false</IsUnique><IsAscending>true</IsAscending><Fields xsi:type='esri:Fields'><FieldArray xsi:type='esri:ArrayOfField'><Field xsi:type='esri:Field'><Name>GUID</Name><Type>esriFieldTypeGUID</Type><IsNullable>true</IsNullable><Length>38</Length><Precision>0</Precision><Scale>0</Scale><AliasName>GUID</AliasName><ModelName>GUID</ModelName></Field></FieldArray></Fields></Index></IndexArray></Indexes><CLSID>{52353152-891A-11D0-BEC6-00805F7C4268}</CLSID><EXTCLSID></EXTCLSID><RelationshipClassNames xsi:type='esri:Names'><Name>PointsOfInterest__ATTACHREL</Name></RelationshipClassNames><AliasName>POI</AliasName><ModelName></ModelName><HasGlobalID>false</HasGlobalID><GlobalIDFieldName></GlobalIDFieldName><RasterFieldName></RasterFieldName><ExtensionProperties xsi:type='esri:PropertySet'><PropertyArray xsi:type='esri:ArrayOfPropertySetProperty'></PropertyArray></ExtensionProperties><ControllerMemberships xsi:type='esri:ArrayOfControllerMembership'></ControllerMemberships><EditorTrackingEnabled>false</EditorTrackingEnabled><CreatorFieldName></CreatorFieldName><CreatedAtFieldName></CreatedAtFieldName><EditorFieldName></EditorFieldName><EditedAtFieldName></EditedAtFieldName><IsTimeInUTC>true</IsTimeInUTC><FeatureType>esriFTSimple</FeatureType><ShapeType>esriGeometryPoint</ShapeType><ShapeFieldName>SHAPE</ShapeFieldName><HasM>false</HasM><HasZ>false</HasZ><HasSpatialIndex>true</HasSpatialIndex><AreaFieldName></AreaFieldName><LengthFieldName></LengthFieldName><Extent xsi:type='esri:EnvelopeN'><XMin>487368.85340000037</XMin><YMin>5456361.3972999994</YMin><XMax>493884.13580000028</XMax><YMax>5459720.5066999998</YMax><SpatialReference xsi:type='esri:ProjectedCoordinateSystem'><WKT>PROJCS[&quot;NAD_1983_UTM_Zone_10N&quot;,GEOGCS[&quot;GCS_North_American_1983&quot;,DATUM[&quot;D_North_American_1983&quot;,SPHEROID[&quot;GRS_1980&quot;,6378137.0,298.257222101]],PRIMEM[&quot;Greenwich&quot;,0.0],UNIT[&quot;Degree&quot;,0.0174532925199433]],PROJECTION[&quot;Transverse_Mercator&quot;],PARAMETER[&quot;False_Easting&quot;,500000.0],PARAMETER[&quot;False_Northing&quot;,0.0],PARAMETER[&quot;Central_Meridian&quot;,-123.0],PARAMETER[&quot;Scale_Factor&quot;,0.9996],PARAMETER[&quot;Latitude_Of_Origin&quot;,0.0],UNIT[&quot;Meter&quot;,1.0],AUTHORITY[&quot;EPSG&quot;,26910]]</WKT><XOrigin>-5120900</XOrigin><YOrigin>-9998100</YOrigin><XYScale>10000</XYScale><ZOrigin>-100000</ZOrigin><ZScale>10000</ZScale><MOrigin>-100000</MOrigin><MScale>10000</MScale><XYTolerance>0.001</XYTolerance><ZTolerance>0.001</ZTolerance><MTolerance>0.001</MTolerance><HighPrecision>true</HighPrecision><WKID>26910</WKID><LatestWKID>26910</LatestWKID></SpatialReference></Extent><SpatialReference xsi:type='esri:ProjectedCoordinateSystem'><WKT>PROJCS[&quot;NAD_1983_UTM_Zone_10N&quot;,GEOGCS[&quot;GCS_North_American_1983&quot;,DATUM[&quot;D_North_American_1983&quot;,SPHEROID[&quot;GRS_1980&quot;,6378137.0,298.257222101]],PRIMEM[&quot;Greenwich&quot;,0.0],UNIT[&quot;Degree&quot;,0.0174532925199433]],PROJECTION[&quot;Transverse_Mercator&quot;],PARAMETER[&quot;False_Easting&quot;,500000.0],PARAMETER[&quot;False_Northing&quot;,0.0],PARAMETER[&quot;Central_Meridian&quot;,-123.0],PARAMETER[&quot;Scale_Factor&quot;,0.9996],PARAMETER[&quot;Latitude_Of_Origin&quot;,0.0],UNIT[&quot;Meter&quot;,1.0],AUTHORITY[&quot;EPSG&quot;,26910]]</WKT><XOrigin>-5120900</XOrigin><YOrigin>-9998100</YOrigin><XYScale>10000</XYScale><ZOrigin>-100000</ZOrigin><ZScale>10000</ZScale><MOrigin>-100000</MOrigin><MScale>10000</MScale><XYTolerance>0.001</XYTolerance><ZTolerance>0.001</ZTolerance><MTolerance>0.001</MTolerance><HighPrecision>true</HighPrecision><WKID>26910</WKID><LatestWKID>26910</LatestWKID></SpatialReference><ChangeTracked>false</ChangeTracked></DataElement></Children><DatasetType>esriDTFeatureDataset</DatasetType><DSID>28</DSID><Versioned>false</Versioned><CanVersion>false</CanVersion><ConfigurationKeyword></ConfigurationKeyword><Extent xsi:type='esri:EnvelopeN'><XMin>487368.85340000037</XMin><YMin>5456361.3972999994</YMin><XMax>493884.13580000028</XMax><YMax>5459720.5066999998</YMax><SpatialReference xsi:type='esri:ProjectedCoordinateSystem'><WKT>PROJCS[&quot;NAD_1983_UTM_Zone_10N&quot;,GEOGCS[&quot;GCS_North_American_1983&quot;,DATUM[&quot;D_North_American_1983&quot;,SPHEROID[&quot;GRS_1980&quot;,6378137.0,298.257222101]],PRIMEM[&quot;Greenwich&quot;,0.0],UNIT[&quot;Degree&quot;,0.0174532925199433]],PROJECTION[&quot;Transverse_Mercator&quot;],PARAMETER[&quot;False_Easting&quot;,500000.0],PARAMETER[&quot;False_Northing&quot;,0.0],PARAMETER[&quot;Central_Meridian&quot;,-123.0],PARAMETER[&quot;Scale_Factor&quot;,0.9996],PARAMETER[&quot;Latitude_Of_Origin&quot;,0.0],UNIT[&quot;Meter&quot;,1.0],AUTHORITY[&quot;EPSG&quot;,26910]]</WKT><XOrigin>-5120900</XOrigin><YOrigin>-9998100</YOrigin><XYScale>10000</XYScale><ZOrigin>-100000</ZOrigin><ZScale>10000</ZScale><MOrigin>-100000</MOrigin><MScale>10000</MScale><XYTolerance>0.001</XYTolerance><ZTolerance>0.001</ZTolerance><MTolerance>0.001</MTolerance><HighPrecision>true</HighPrecision><WKID>26910</WKID><LatestWKID>26910</LatestWKID></SpatialReference></Extent><SpatialReference xsi:type='esri:ProjectedCoordinateSystem'><WKT>PROJCS[&quot;NAD_1983_UTM_Zone_10N&quot;,GEOGCS[&quot;GCS_North_American_1983&quot;,DATUM[&quot;D_North_American_1983&quot;,SPHEROID[&quot;GRS_1980&quot;,6378137.0,298.257222101]],PRIMEM[&quot;Greenwich&quot;,0.0],UNIT[&quot;Degree&quot;,0.0174532925199433]],PROJECTION[&quot;Transverse_Mercator&quot;],PARAMETER[&quot;False_Easting&quot;,500000.0],PARAMETER[&quot;False_Northing&quot;,0.0],PARAMETER[&quot;Central_Meridian&quot;,-123.0],PARAMETER[&quot;Scale_Factor&quot;,0.9996],PARAMETER[&quot;Latitude_Of_Origin&quot;,0.0],UNIT[&quot;Meter&quot;,1.0],AUTHORITY[&quot;EPSG&quot;,26910]]</WKT><XOrigin>-5120900</XOrigin><YOrigin>-9998100</YOrigin><XYScale>10000</XYScale><ZOrigin>-100000</ZOrigin><ZScale>10000</ZScale><MOrigin>-100000</MOrigin><MScale>10000</MScale><XYTolerance>0.001</XYTolerance><ZTolerance>0.001</ZTolerance><MTolerance>0.001</MTolerance><HighPrecision>true</HighPrecision><WKID>26910</WKID><LatestWKID>26910</LatestWKID></SpatialReference><ChangeTracked>false</ChangeTracked></DataElement><DataElement xsi:type='esri:DERelationshipClass'><CatalogPath>/RC=PointsOfInterest__ATTACHREL</CatalogPath><Name>PointsOfInterest__ATTACHREL</Name><MetadataRetrieved>true</MetadataRetrieved><Metadata xsi:type='esri:XmlPropertySet'><XmlDoc>&lt;metadata xml:lang=&quot;en&quot;&gt;&lt;Esri&gt;&lt;CreaDate&gt;20140807&lt;/CreaDate&gt;&lt;CreaTime&gt;15082700&lt;/CreaTime&gt;&lt;ArcGISFormat&gt;1.0&lt;/ArcGISFormat&gt;&lt;SyncOnce&gt;TRUE&lt;/SyncOnce&gt;&lt;/Esri&gt;&lt;/metadata&gt;
</XmlDoc></Metadata><DatasetType>esriDTRelationshipClass</DatasetType><DSID>-1</DSID><Versioned>false</Versioned><CanVersion>false</CanVersion><ConfigurationKeyword></ConfigurationKeyword><HasOID>false</HasOID><OIDFieldName></OIDFieldName><Fields xsi:type='esri:Fields'><FieldArray xsi:type='esri:ArrayOfField'></FieldArray></Fields><Indexes xsi:type='esri:Indexes'><IndexArray xsi:type='esri:ArrayOfIndex'></IndexArray></Indexes><CLSID></CLSID><EXTCLSID></EXTCLSID><RelationshipClassNames xsi:type='esri:Names'></RelationshipClassNames><AliasName></AliasName><ModelName></ModelName><HasGlobalID>false</HasGlobalID><GlobalIDFieldName></GlobalIDFieldName><RasterFieldName></RasterFieldName><ExtensionProperties xsi:type='esri:PropertySet'><PropertyArray xsi:type='esri:ArrayOfPropertySetProperty'></PropertyArray></ExtensionProperties><ControllerMemberships xsi:type='esri:ArrayOfControllerMembership'></ControllerMemberships><EditorTrackingEnabled>false</EditorTrackingEnabled><CreatorFieldName></CreatorFieldName><CreatedAtFieldName></CreatedAtFieldName><EditorFieldName></EditorFieldName><EditedAtFieldName></EditedAtFieldName><IsTimeInUTC>true</IsTimeInUTC><Cardinality>esriRelCardinalityOneToMany</Cardinality><Notification>esriRelNotificationNone</Notification><IsAttributed>false</IsAttributed><IsComposite>true</IsComposite><OriginClassNames xsi:type='esri:Names'><Name>PointsOfInterest</Name></OriginClassNames><DestinationClassNames xsi:type='esri:Names'><Name>PointsOfInterest__ATTACH</Name></DestinationClassNames><KeyType>esriRelKeyTypeSingle</KeyType><ClassKey>esriRelClassKeyUndefined</ClassKey><ForwardPathLabel>attachment</ForwardPathLabel><BackwardPathLabel>object</BackwardPathLabel><IsReflexive>false</IsReflexive><OriginClassKeys xsi:type='esri:ArrayOfRelationshipClassKey'><RelationshipClassKey xsi:type='esri:RelationshipClassKey'><ObjectKeyName>OBJECTID</ObjectKeyName><ClassKeyName></ClassKeyName><KeyRole>esriRelKeyRoleOriginPrimary</KeyRole></RelationshipClassKey><RelationshipClassKey xsi:type='esri:RelationshipClassKey'><ObjectKeyName>REL_OBJECTID</ObjectKeyName><ClassKeyName></ClassKeyName><KeyRole>esriRelKeyRoleOriginForeign</KeyRole></RelationshipClassKey></OriginClassKeys><RelationshipRules xsi:type='esri:ArrayOfRelationshipRule'></RelationshipRules><IsAttachmentRelationship>true</IsAttachmentRelationship><ChangeTracked>false</ChangeTracked></DataElement></DatasetDefinitions><Metadata xsi:type='esri:XmlPropertySet'><XmlDoc>&lt;metadata xml:lang=&quot;en&quot;&gt;&lt;Esri&gt;&lt;CreaDate&gt;20160511&lt;/CreaDate&gt;&lt;CreaTime&gt;13355700&lt;/CreaTime&gt;&lt;ArcGISFormat&gt;1.0&lt;/ArcGISFormat&gt;&lt;SyncOnce&gt;TRUE&lt;/SyncOnce&gt;&lt;DataProperties&gt;&lt;lineage&gt;&lt;Process ToolSource=&quot;c:\program files (x86)\arcgis\desktop10.4\ArcToolbox\Toolboxes\Data Management Tools.tbx\DeleteDomain&quot; Date=&quot;20160511&quot; Time=&quot;133557&quot;&gt;DeleteDomain &quot;C:\Users\hsamson\Documents\KB Workspaces\Attachments\Attachments.gdb&quot; ssDomainBoolean&lt;/Process&gt;&lt;Process ToolSource=&quot;c:\program files (x86)\arcgis\desktop10.4\ArcToolbox\Toolboxes\Data Management Tools.tbx\DeleteDomain&quot; Date=&quot;20160511&quot; Time=&quot;133616&quot;&gt;DeleteDomain &quot;C:\Users\hsamson\Documents\KB Workspaces\Attachments\Attachments.gdb&quot; StreetType&lt;/Process&gt;&lt;Process ToolSource=&quot;c:\program files (x86)\arcgis\desktop10.4\ArcToolbox\Toolboxes\Data Management Tools.tbx\DeleteDomain&quot; Date=&quot;20160511&quot; Time=&quot;133633&quot;&gt;DeleteDomain &quot;C:\Users\hsamson\Documents\KB Workspaces\Attachments\Attachments.gdb&quot; BooleanSymbolValue&lt;/Process&gt;&lt;Process ToolSource=&quot;c:\program files (x86)\arcgis\desktop10.4\ArcToolbox\Toolboxes\Data Management Tools.tbx\DeleteDomain&quot; Date=&quot;20160511&quot; Time=&quot;133640&quot;&gt;DeleteDomain &quot;C:\Users\hsamson\Documents\KB Workspaces\Attachments\Attachments.gdb&quot; wDomainLateralLineDiameter&lt;/Process&gt;&lt;Process ToolSource=&quot;c:\program files (x86)\arcgis\desktop10.4\ArcToolbox\Toolboxes\Data Management Tools.tbx\DeleteDomain&quot; Date=&quot;20160511&quot; Time=&quot;133649&quot;&gt;DeleteDomain &quot;C:\Users\hsamson\Documents\KB Workspaces\Attachments\Attachments.gdb&quot; wDomainMaterial&lt;/Process&gt;&lt;Process ToolSource=&quot;c:\program files (x86)\arcgis\desktop10.4\ArcToolbox\Toolboxes\Data Management Tools.tbx\DeleteDomain&quot; Date=&quot;20160511&quot; Time=&quot;133659&quot;&gt;DeleteDomain &quot;C:\Users\hsamson\Documents\KB Workspaces\Attachments\Attachments.gdb&quot; ssDomainMainDiameter&lt;/Process&gt;&lt;Process ToolSource=&quot;c:\program files (x86)\arcgis\desktop10.4\ArcToolbox\Toolboxes\Data Management Tools.tbx\DeleteDomain&quot; Date=&quot;20160511&quot; Time=&quot;133708&quot;&gt;DeleteDomain &quot;C:\Users\hsamson\Documents\KB Workspaces\Attachments\Attachments.gdb&quot; wDomainMainDiameter&lt;/Process&gt;&lt;Process ToolSource=&quot;c:\program files (x86)\arcgis\desktop10.4\ArcToolbox\Toolboxes\Data Management Tools.tbx\DeleteDomain&quot; Date=&quot;20160511&quot; Time=&quot;133715&quot;&gt;DeleteDomain &quot;C:\Users\hsamson\Documents\KB Workspaces\Attachments\Attachments.gdb&quot; ssDomainWaterLineMaterial&lt;/Process&gt;&lt;Process ToolSource=&quot;c:\program files (x86)\arcgis\desktop10.4\ArcToolbox\Toolboxes\Data Management Tools.tbx\DeleteDomain&quot; Date=&quot;20160511&quot; Time=&quot;133722&quot;&gt;DeleteDomain &quot;C:\Users\hsamson\Documents\KB Workspaces\Attachments\Attachments.gdb&quot; AnnotationStatus&lt;/Process&gt;&lt;Process ToolSource=&quot;c:\program files (x86)\arcgis\desktop10.4\ArcToolbox\Toolboxes\Data Management Tools.tbx\DeleteDomain&quot; Date=&quot;20160511&quot; Time=&quot;133730&quot;&gt;DeleteDomain &quot;C:\Users\hsamson\Documents\KB Workspaces\Attachments\Attachments.gdb&quot; wDomainHydrantManufacturer&lt;/Process&gt;&lt;Process ToolSource=&quot;c:\program files (x86)\arcgis\desktop10.4\ArcToolbox\Toolboxes\Data Management Tools.tbx\DeleteDomain&quot; Date=&quot;20160511&quot; Time=&quot;133737&quot;&gt;DeleteDomain &quot;C:\Users\hsamson\Documents\KB Workspaces\Attachments\Attachments.gdb&quot; wDomainType&lt;/Process&gt;&lt;Process ToolSource=&quot;c:\program files (x86)\arcgis\desktop10.4\ArcToolbox\Toolboxes\Data Management Tools.tbx\DeleteDomain&quot; Date=&quot;20160511&quot; Time=&quot;133746&quot;&gt;DeleteDomain &quot;C:\Users\hsamson\Documents\KB Workspaces\Attachments\Attachments.gdb&quot; ssDomainAccessDiameter&lt;/Process&gt;&lt;Process ToolSource=&quot;c:\program files (x86)\arcgis\desktop10.4\ArcToolbox\Toolboxes\Data Management Tools.tbx\DeleteDomain&quot; Date=&quot;20160511&quot; Time=&quot;133753&quot;&gt;DeleteDomain &quot;C:\Users\hsamson\Documents\KB Workspaces\Attachments\Attachments.gdb&quot; ssDomainPressurizedMainDiameter&lt;/Process&gt;&lt;Process ToolSource=&quot;c:\program files (x86)\arcgis\desktop10.4\ArcToolbox\Toolboxes\Data Management Tools.tbx\DeleteDomain&quot; Date=&quot;20160511&quot; Time=&quot;133800&quot;&gt;DeleteDomain &quot;C:\Users\hsamson\Documents\KB Workspaces\Attachments\Attachments.gdb&quot; ssDomainSystemValveRegulationType&lt;/Process&gt;&lt;Process ToolSource=&quot;c:\program files (x86)\arcgis\desktop10.4\ArcToolbox\Toolboxes\Data Management Tools.tbx\DeleteDomain&quot; Date=&quot;20160511&quot; Time=&quot;133808&quot;&gt;DeleteDomain &quot;C:\Users\hsamson\Documents\KB Workspaces\Attachments\Attachments.gdb&quot; wDomainBoolean&lt;/Process&gt;&lt;Process ToolSource=&quot;c:\program files (x86)\arcgis\desktop10.4\ArcToolbox\Toolboxes\Data Management Tools.tbx\DeleteDomain&quot; Date=&quot;20160511&quot; Time=&quot;133815&quot;&gt;DeleteDomain &quot;C:\Users\hsamson\Documents\KB Workspaces\Attachments\Attachments.gdb&quot; wDomainLifecycleStatus&lt;/Process&gt;&lt;Process ToolSource=&quot;c:\program files (x86)\arcgis\desktop10.4\ArcToolbox\Toolboxes\Data Management Tools.tbx\DeleteDomain&quot; Date=&quot;20160511&quot; Time=&quot;133822&quot;&gt;DeleteDomain &quot;C:\Users\hsamson\Documents\KB Workspaces\Attachments\Attachments.gdb&quot; ssDomainAccessType&lt;/Process&gt;&lt;Process ToolSource=&quot;c:\program files (x86)\arcgis\desktop10.4\ArcToolbox\Toolboxes\Data Management Tools.tbx\DeleteDomain&quot; Date=&quot;20160511&quot; Time=&quot;133828&quot;&gt;DeleteDomain &quot;C:\Users\hsamson\Documents\KB Workspaces\Attachments\Attachments.gdb&quot; ssDomainLifecycleStatus&lt;/Process&gt;&lt;Process ToolSource=&quot;c:\program files (x86)\arcgis\desktop10.4\ArcToolbox\Toolboxes\Data Management Tools.tbx\DeleteDomain&quot; Date=&quot;20160511&quot; Time=&quot;133836&quot;&gt;DeleteDomain &quot;C:\Users\hsamson\Documents\KB Workspaces\Attachments\Attachments.gdb&quot; EnabledDomain&lt;/Process&gt;&lt;Process ToolSource=&quot;c:\program files (x86)\arcgis\desktop10.4\ArcToolbox\Toolboxes\Data Management Tools.tbx\DeleteDomain&quot; Date=&quot;20160511&quot; Time=&quot;133846&quot;&gt;DeleteDomain &quot;C:\Users\hsamson\Documents\KB Workspaces\Attachments\Attachments.gdb&quot; VerticalAlignment&lt;/Process&gt;&lt;Process ToolSource=&quot;c:\program files (x86)\arcgis\desktop10.4\ArcToolbox\Toolboxes\Data Management Tools.tbx\DeleteDomain&quot; Date=&quot;20160511&quot; Time=&quot;133859&quot;&gt;DeleteDomain &quot;C:\Users\hsamson\Documents\KB Workspaces\Attachments\Attachments.gdb&quot; HorizontalAlignment&lt;/Process&gt;&lt;/lineage&gt;&lt;/DataProperties&gt;&lt;/Esri&gt;&lt;/metadata&gt;
</XmlDoc></Metadata></WorkspaceDefinition><WorkspaceData xsi:type='esri:WorkspaceData'></WorkspaceData></esri:Workspace>